問題文,選択肢1,選択肢2,選択肢3,選択肢4,選択肢5,正解,科目分類,リンクURL
在宅復帰を目指してリハビリテーションを行う施設はどれか。1つ選べ。[119A1-ori],介護医療院,介護老人福祉施設,介護老人保健施設,介護療養型医療施設,認知症高齢者グループホーム,c,衛生学必修,
病原体が神経節に潜伏感染するのはどれか。1つ選べ。[119A2-ori],風疹,帯状疱疹,手足口病,ヘルパンギーナ,流行性耳下腺炎,b,微生物学必修,
水溶液として歯質脱灰能を有するのはどれか。1つ選べ。[119A3-ori],MDP,MMA,HEMA,Bis-MEPP,DMAEMA,a,歯科理工学必修,
HbA1cについて正しいのはどれか。1つ選べ。[119A4-ori],心筋梗塞で低値を示す。,尿を検体として用いる。,空腹時に測定する必要がある。,過去1〜2か月の血糖状態を反映する。,Child-Pugh分類の評価項目に含まれる。,d,歯科麻酔学必修,
"ある臓器のH-E染色組織像を示す。
循環血液量の減少によって、この臓器から分泌されるのはどれか。1つ選べ。[119A5-ori]",レニン,メラトニン,カルシトニン,アルドステロン,プロラクチン<PRL>,a,生理学必修,https://drive.google.com/file/d/1Lf64jElAcwIv2RJFKdJzGhNvhZZZdhJ0/view?usp=drive_link
歯の変色がみられるのはどれか。1つ選べ。[119A6-ori],Riga-Fede病,新生児メレナ,Turner症候群,第一第二鰓弓症候群,von Recklinghausen 病,b,病理学必修,
患者の人権尊重に寄与するのはどれか。2つ選べ。[119A7-ori],後発医薬品の普及,医療費適正化計画の推進,セカンドオピニオンの推奨,インフォームド・アセントの普及,ライフステージに応じた保健目標の設定,34,衛生学必修,https://drive.google.com/file/d/1EiT1gOOMtfSJiRuy5EshU6JPHveMjJvI/view?usp=drive_link
口腔機能精密検査の中で、咀嚼能力の評価に用いるのはどれか。1つ選べ。[119A8-ori],舌圧,咬合圧,EAT-10,残存歯数,グルコース溶出量,e,衛生学必修,
地域保健活動に用いる標準的な質問票の一部を示す。この質問票を用いるのはどれか。1つ選べ。[119A9-ori],介護保険法に基づく生活機能評価,健康増進法に基づく歯周疾患検診,母子保健法に基づく妊産婦健康診断,労働安全衛生法に基づく特殊健康診断,高齢者の医療の確保に関する法律に基づく特定健康診査,e,衛生学必修,
齲蝕象牙質内層の特徴で正しいのはどれか。1つ選べ。[119A10-ori],裂隙の形成,細管の明瞭化,不透明層の存在,顆粒状結晶の存在,表層下脱灰の存在,d,保存修復学必修,
男性の放射線診療従事者が、個人モニタリングでガラスバッジ線量計を装着する部位はどれか。1つ選べ。[119A11-ori],胸部,頸部,肩部,腹部,腰部,a,歯科放射線学必修,
アモキシシリン水和物で生じる副作用はどれか。1つ選べ。[119A12-ori],難聴,貧血,眼圧亢進,味覚障害,多形滲出性紅斑,e,薬理学必修,
学校歯科健康診断の顎関節の結果で、「1」はどれか。1つ選べ。[119A13-ori],要観察,要注意,要治療,異常なし,要精密検査,a,衛生学必修,
混合歯列期に起こるのはどれか。1つ選べ。[119A14-ori],大泉門の閉鎖,小泉門の閉鎖,蝶篩骨軟骨結合の癒合,蝶形骨間軟骨結合の癒合,蝶後頭軟骨結合の癒合,c,解剖組織学必修,
"Digitalization in dentistry has been rapidly progressing with a technological innovation of dental CAD/CAM system. CAD/CAM is an abbreviation for Computer Aided (	) /Computer Aided Manufacturing.
(　)に入るのはどれか。1つ選べ。[119A15-ori]",Data,Design,Device,Direction,Digitizing,b,冠橋義歯学必修,
矯正歯科治療における診断でローアングルの特徴はどれか。1つ選べ。[119A16-ori],下顎角の狭小,咬合力の減少,下顔面高の過大,オーバーバイトの減少,下顎下縁平面の急傾斜,a,歯科矯正学必修,
"局所麻酔直後に顔面蒼白および振戦を認めた。
まず行うのはどれか。1つ選べ。[119A17-ori]",胸骨圧迫,意識の確認,呼吸の確認,脈拍の触知,静脈路の確保,b,歯科麻酔学必修,
プロトロンビンからトロンビンへの変換に必要なのはどれか。1つ選べ。[119A18-ori],H⁺,K⁺,Cl⁻,Na⁺,Ca²⁺,e,生化学必修,
障害によって嗄声を生じるのはどれか。1つ選べ。[119A19-ori],三叉神経,舌咽神経,迷走神経,副神経,舌下神経,c,解剖組織学必修,
必須アミノ酸はどれか。1つ選べ。[119A20-ori],バリン,グリシン,チロシン,グルタミン酸,アスパラギン酸,a,生化学必修,
咽頭期に生じる誤嚥を検出できるのはどれか。1つ選べ。[119A21-ori],EAT-10,咳テスト,嚥下造影検査,嚥下内視鏡検査,高解像度マノメトリ検査,c,衛生学一般,
良性上皮間葉混合性歯原性腫瘍はどれか。2つ選べ。[119A22-ori],歯牙腫,歯原性粘液腫,原始性歯原性腫瘍,セメント芽細胞腫,腺腫様歯原性腫瘍,13,病理学一般,https://drive.google.com/file/d/1CGhP-acd7nC1hvq7z1OFFvaNjUMHLMI1/view?usp=drive_link
"82歳の女性。左下奥歯に食べ物がはさまることを主訴として来院した。1年前から自覚していたがそのままにしていたという。検査の結果、下顎左側大臼歯部の慢性歯周炎と診断した。患者は1か月前に軽度Alzheimer型認知症と診断されている。初診時の口腔内写真(A)、エックス線画像(B)を示す。歯周組織検査の一部を表に示す。
まず行うのはどれか。2つ選べ。[119A23-ori]",SRP,LDDS,口腔清掃指導,FGF-2製剤の応用,プロビジョナル固定,13,歯周病学臨床実地,https://drive.google.com/file/d/1yJDGfFu26ztK_-NW9NFnaw984tkEKeMn/view?usp=drive_link
幼児に対する全身麻酔下での歯科治療で正しいのはどれか。3つ選べ。[119A24-ori],麻酔は急速導入法が多い。,多数歯の治療が可能である。,12時間以上の絶食が必要である。,治療内容が制限されることがある。,歯科治療による心的外傷を与えない。,245,歯科麻酔学一般,https://drive.google.com/file/d/1sAUaRjvgN0pHGjjMh9v5-s3Y_O0H75z9/view?usp=drive_link
鉤尖をニアゾーンに設定し、孤立した最後方臼歯に左右対称的に適用されるクラスプはどれか。1つ選べ。[119A25-ori],RPIクラスプ,Akersクラスプ,リングクラスプ,ヘアピンクラスプ,バックアクションクラスプ,c,部分床義歯学一般,
"マルチブラケット装置を用いて矯正歯科治療を行うこととした。
矯正力を弱くする方法で正しいのはどれか。3つ選べ。[119A26-ori]]",ワイヤーにループを付与する。,ステンレス鋼ワイヤーを用いる。,ブラケット間距離を大きくする。,,断面積の大きいワイヤーを用いる。,135,歯科矯正学一般,https://drive.google.com/file/d/1X5hYdbLxBBB3OoQbyWeAoiyBt8T9p92w/view?usp=drive_link
"53歳の女性。上顎右側第一大臼歯の咬合時の違和感を主訴として来院した。2 週前から硬い物を食べる時に痛みがあるという。自発痛と根尖部圧痛はない。歯の動揺度は0度であった。初診時の口腔内写真を示す。
診断に必要な検査はどれか。2つ選べ。[119A27-ori]",透照診,麻酔診,歯髄電気診,エックス線検査,プロービング検査,45,保存修復学臨床実地,https://drive.google.com/file/d/1Msp86QGgrfy891Y6DqztEa6ClDyJEaS-/view?usp=drive_link
ロクロニウム臭化物の作用に拮抗するのはどれか。2つ選べ。[119A28-ori],フルマゼニル,ネオスチグミン臭化物,スガマデクスナトリウム,デクスメデトミジン塩酸塩,スキサメトニウム塩化物水和物,23,薬理学一般,https://drive.google.com/file/d/146qP5VpMi3aHZyyl9yhXOyjmdWCZaO1Y/view?usp=drive_link
弾性エネルギーを求めるのに必要なのはどれか。2つ選べ。[119A29-ori],耐力,弾性限,最大強さ,破断強さ,Young〈ヤング〉率,25,歯科理工学一般,https://drive.google.com/file/d/1DyGehpp5ikbocxa3Y5ZGkjwaEmrsKUxV/view?usp=drive_link
Blanch testで評価できるのはどれか。1つ選べ。[119A30-ori],齲蝕リスク,唾液分泌量,摂食嚥下機能,咳嗽反射の有無,上唇小帯の付着位置,e,小児歯科学一般,
日常生活動作の評価尺度であるFIM(Functional Independence Measure)で正しいのはどれか。2つ選べ。[119A31-ori],食事動作の評価が含まれる。,得点が低いほど自立度が高い。,手段的日常生活動作を評価する。,生活自立は、ランクJで示される。,コミュニケーションの評価が含まれる。,15,衛生学一般,https://drive.google.com/file/d/10JptbfUL2wmME7qO1jOEH4d_5MRF9NhQ/view?usp=drive_link
"脳梗塞の既往がある79歳の男性。水を飲んだ際に時々鼻からもれるという。嚥下内視鏡検査時の上咽頭の写真を示す。
疑われる機能障害を確認するための検査はどれか。1つ選べ。[119A32-ori]",MWST,頸部聴診法,超音波検査,ブローイング検査,発声持続時間の測定,d,衛生学臨床実地,https://drive.google.com/file/d/1wg1ofGnuldEX92f-t4Z-obu-qUmQE2RS/view?usp=drive_link
持続可能な開発目標<SDGs>の目標3「すべての人に健康と福祉を」のターゲットに掲げられるユニバーサル・ヘルス・カバレッジ<UHC>を、我が国が達成しているとする根拠はどれか。2つ選べ。[119A33-ori],普通教育を義務化している。,飲食店での喫煙を禁止している。,国民皆保険制度を導入している。,予防接種を公費で負担している。,公共施設内のバリアフリーを推進している。,34,衛生学一般,https://drive.google.com/file/d/1DoJabmnLVHWZI2A4eRQpBxD7AF9BAvyJ/view?usp=drive_link
"49歳の女性。右側舌の違和感を主訴として来院した。3日前に他院で下顎右側智歯を抜去した後から気になっているという。初診時のパノラマエックス線画像 (A)とCT(B、C、D)を示す。
行うのはどれか。2つ選べ。[119A34-ori]",舌圧検査,二点識別検査,口唇閉鎖力検査,濾紙ディスク法,オーラルディアドコキネシス,24,生理学臨床実地,https://drive.google.com/file/d/1VsiKeaJyzWkJxxFNZQ96S3wrr47WtKHc/view?usp=drive_link
フッ化物歯面塗布法で正しいのはどれか。2つ選べ。[119A35-ori],簡易防湿後に実施する。,"セルフケアとして実施する。
",塗布後直ちに洗口を指示する。,塗布後の歯質に着色を生じる。,4歳未満の低年齢児に実施できる。,15,衛生学一般,https://drive.google.com/file/d/1ziLypPEzRi5zlTTjFaQsiy1mPmtd1mD9/view?usp=drive_link
予防接種法に基づいて65歳の者が定期接種の対象となるのはどれか。1つ選べ。[119A36-ori],麻疹ワクチン,BCGワクチン,B型肝炎ワクチン,日本脳炎ワクチン,23価肺炎球菌ワクチン,e,衛生学一般,
"78歳の男性。下顎右側第二大臼歯の抜去が予定された。糖尿病と不整脈の既往があるという。抜歯処置を開始したところ、突然、右片麻痺と構音障害が出現した。このときの生体情報モニタ画面の写真を示す。血糖値は145mg/dLであった。
最も考えられるのはどれか。1つ選べ。[119A37-ori]",脳梗塞,低血糖発作,過換気症候群,血管迷走神経反射,アナフィラキシーショック,a,歯科麻酔学臨床実地,https://drive.google.com/file/d/1x2G9E3ItWcxSt70e8pfr2Fgz5DKAR-I1/view?usp=drive_link
血液凝固過程で直接経口抗凝固薬<DOAC>が阻害するのはどれか。2つ選べ。[119A38-ori],Ⅸa因子,Ⅹa因子,トロンビン,フィブリノゲン,プロトロンビン,23,歯科麻酔学一般,https://drive.google.com/file/d/1HmojMQp6B48PtsjcVv_V4xlm5-_5RIon/view?usp=drive_link
光重合型コンポジットレジンを用いた4級修復で、分割積層塡塞を行う目的はどれか。1つ選べ。[119A39-ori],隔壁法の省略,審美性の向上,窩縁斜面の省略,修復物の変色防止,チェアタイムの短縮,b,保存修復学一般,
"86歳の女性。上顎前歯部口蓋側の腫脹を主訴として来院した。3か月前から自 覚していたが痛みがないため、そのままにしていたという。触診によって軽度の圧痛を認めるが、粘膜の色に異常は認めない。初診時のエックス線画像(A)、CT軟組織表示横断像(B)、CT硬組織表示横断像(C)、 MRI脂肪抑制T2強調横断像(D)及びMRI T1強調冠状断像(E)を示す。
最も考えられるのはどれか。1つ選べ。[119A40-ori]",歯根嚢胞,粘液嚢胞,鼻歯槽嚢胞,鼻口蓋管嚢胞,術後性上顎嚢胞,d,口腔外科学臨床実地,https://drive.google.com/file/d/1QSMwx48X9A2I-4FDoY7uryLL_vZRK0Xb/view?usp=drive_link
"60歳の女性。入れ歯の針金周囲に食べ物が挟まることを主訴として来院した。下顎右側第一大臼歯の欠損に対し1年前にレジン床義歯を製作したが、比較的早期から着脱のわずらわしさを感じていたという。診察の結果、⑦6⑤⏋ブリッジによる補綴処置を行うこととした。初診時の口腔内写真(A)とエックス線画像(B)を示す。歯周組織検査結果の一部を表に示す。
補綴前処置として考えられるのはどれか。2つ選べ。[119A41-ori]",咬合調整,歯肉切除,小帯切除,歯冠長延長術,矯正歯科治療による整直,35,冠橋義歯学臨床実地,https://drive.google.com/file/d/1QPAHEZOS83qM9QhccsnJeEB7U8hRsN1D/view?usp=drive_link
8歳児の口腔清掃状態を評価する簡略化口腔衛生指数（OHI-S）の被検歯はどれか。1つ選べ。[119A42-ori],,,,,,d,衛生学一般,
"心臓手術が予定されている患児に対し、外傷歯の抜歯を行うこととした。術前にアモキシシリン水和物の投与を行った。
この投与に該当するのはどれか。1つ選べ。[119A43-ori]",原因療法,再生療法,対症療法,補充療法,予防療法,e,口腔外科学一般,
"76歳の女性。義歯の新製を希望して来院した。1年前に下顎部分床義歯を製作し良好に使用していたが、2週前に紛失したという。診察の結果、O'Learyの PCRは8%であり、残存歯の口腔清掃状態は良好であることから、フレームワークを使用した義歯を製作することとした。なお、上顎残存歯歯列は左右第二大臼歯部まで認められ、下顎は歯肉縁から口腔底までの距離が5mmである。初診時の口腔内写真を示す。
義歯の設計で留意すべきなのはどれか。3つ選べ。[119A44-ori]",支台歯は3 ⏉4 5とする。,義歯床の面積を小さくする。,大連結子はリンガルバーとする。,偏心位では臼歯離開咬合とする。,オルタードキャスト法を適用する。,145,部分床義歯学臨床実地,https://drive.google.com/file/d/1SLDnwxtiII-_eWryBg0a5Z3nc-kigonR/view?usp=drive_link
被験歯のPlI（plaque index）の平均値が2.4の患者に対してまず行うのはどれか。1つ選べ。[119A45-ori],SRP,LDDS,PMTC,口腔清掃指導,洗口剤の使用,d,衛生学一般,
"72歳の男性。上顎左側小臼歯部の食片圧入を主訴として来院した。診察の結果、⎿5に従来型グラスアイオノマーセメント修復を行うこととした。初診時の口腔内写真(A)、エックス線画像(B)及び処置の操作過程の写真 (C、D)を示す。
操作過程Dの後に接着性向上を目的として行うのはどれか。1つ選べ。[119A46-ori]",ベベルの付与,NaClOの塗布,ボンディング材の塗布,リン酸エッチング材の塗布,デンティンコンディショナーの塗布,e,保存修復学臨床実地,https://drive.google.com/file/d/1GO5rpke4p3QbmTsp7tVyLR4o-yHXx3yU/view?usp=drive_link
"85歳の女性。上唇の腫脹を主訴として来院した。3か月前に自覚したが疼痛がないためそのままにしていたところ次第に増大しているという。腫脹部は弾性硬で可動性があるが圧痛はない。上下顎の義歯を使用しているが適合は不良である。初 診時の口腔内写真(A)、パノラマエックス線画像(B)、超音波検査像(C)及びMRI脂肪抑制T2強調像(D)を示す。
考えられるのはどれか。1つ選べ。[119A47-ori]",脂肪腫,静脈奇形,多形腺腫,粘液嚢胞,鼻歯槽嚢胞,c,口腔外科学臨床実地,https://drive.google.com/file/d/1sFx0Dx8Tr4pLxvilBhGAB1dLKFz5NjRV/view?usp=drive_link
"78歳の男性。食事に時間がかかることを主訴として来院した。5年前に左側舌癌にて左側頸部郭清術、舌部分切除術を施行した。術後経過は良好であったが、徐々に症状を自覚してきたという。現在の食形態は普通食で液体にとろみはつけていないという。嚥下スクリーニングの結果を表に示す。舌安静位の口腔内写真を示す。
主訴のかいぜんのために製作するのはどれか。1つ選べ。[119A48-ori]",栓塞子,舌接触補助床,軟口蓋挙上装置,オクルーザルランプ,スタビリゼーションアプライアンス,b,全部床義歯学臨床実地,https://drive.google.com/file/d/1eJP1esydYpH3pBU2IAdRwLDiwBaIPejo/view?usp=drive_link
抗菌薬の経口投与と比較した歯周治療におけるLDDSの特徴で正しいのはどれか。2つ選べ。[119A49-ori],投与量が多い。,作用時間が長い。,副作用が少ない。,局所有効濃度が低い。,腸内細菌叢への影響が大きい。,23,歯周病学一般,https://drive.google.com/file/d/1KNpjsBmS1Nr6SrukQTbjmjngehf6LG9B/view?usp=drive_link
"4歳の女児。上顎前歯の変色を主訴として来院した。5か月前に転倒し、上顎左側乳中切歯を強打したという。歯髄電気診に生活反応を示さなかった。初診時の口腔内写真(A)とエックス線画像(B)を示す。
Aに対する適切な対応はどれか。1つ選べ。[119A50-ori]",抜歯,漂白,経過観察,感染根管治療,コンポジットレジン修復,d,小児歯科学臨床実地,https://drive.google.com/file/d/1UfEnzZ85XMPoJinENjGctd5Fj5jTOWhB/view?usp=drive_link
地域保健法に基づく指針において、地域の健康危機管理の拠点はどれか。1つ選べ。[119A51-ori],検疫所,保健所,特定機能病院,医療安全支援センター,地域包括支援センター,b,衛生学一般,
歯内ｰ歯周疾患の鑑別診断に必要な診査項目はどれか。3つ選べ。[119A52-ori],歯の動揺度,瘻孔の有無,歯槽骨吸収の程度,プロービング深さ,歯髄生活反応の有無,345,歯内療法学一般,https://drive.google.com/file/d/1TP99Ohu8m3-TY4ifc8SeDSlkFDyyEoSi/view?usp=drive_link
"11歳の女児の初診時の口腔内写真を示す。
不正咬合の種類はどれか。1つ選べ。[119A53-ori]",過蓋咬合,交叉咬合,相対捻転,鋏状咬合,V字型歯列弓,d,歯科矯正学一般,https://drive.google.com/file/d/1FV6var_VGJCet2GdDCmCMuDBBk0f7EQU/view?usp=drive_link
"下顎右側大臼歯部の顎骨骨髄炎を疑う患者の初診時のエックス線画像(A)と3か月後のエックス線画像(B)を示す。
初診時と比較した3か月後のエックス線画像で新たにみられるのはどれか。1つ選べ。[119A54-ori]",骨硬化,骨膜反応,病的骨折,腐骨分離,歯槽頂部骨吸収,d,口腔外科学一般,https://drive.google.com/file/d/1XUAew3v0ibN55mYA8yLcT3m3c90HFSIX/view?usp=drive_link
口腔カンジダ症のリスク因子はどれか。3つ選べ。[119A55-ori],含嗽,舌ブラシの使用,抗菌薬の長期服用,義歯床用材料の劣化,副腎皮質ステロイド薬の長期服用,345,口腔外科学一般,https://drive.google.com/file/d/1-7o3pv1uCGslEHEeyoU4T75B93HdeUiZ/view?usp=drive_link
"9歳の男児。前歯の噛み合わせが悪いことを主訴として来院した。初診時の顔面写真(A)、口腔内写真(B)及びエックス線画像(C)を示す。セファロ分析の結果を図に示す。
適切な矯正装置はどれか。2つ選べ。[119A56-ori]",咬合挙上板,チンキャップ,リップバンパー,上顎前方牽引装置,スライディングプレート,45,歯科矯正学臨床実地,https://drive.google.com/file/d/1DbHsqQU8a4h1HOM-v5zaMDfiKKJLih1W/view?usp=drive_link
"新生児において、眼瞼裂の下方傾斜、下眼瞼欠損および外耳奇形を認めた。
 この症候群の原因となる部位はどれか。1つ選べ。[119A57-ori]",第一咽頭弓,第二咽頭弓,第三咽頭弓,第四咽頭弓,第五咽頭弓,a,解剖組織学一般,
"ブリッジのフレームワークの写真を示す。
このフレームワークで正しいのはどれか。3つ選べ。[119A58-ori]",焼結して製作する。,切削加工によって製作する。,ろう付けによって連結する。,前装材料としてレジンを使用する。,光学印象データから設計する。,125,冠橋義歯学一般,https://drive.google.com/file/d/108LfeZwByXod1XkQF6T6LtaBrhtZc5vU/view?usp=drive_link
無歯顎者における顎骨の経時的な形態変化が最も少ないのはどれか。1つ選べ。[119A59-ori],口蓋部,上顎前歯部顎堤,上顎臼歯部顎堤,下顎前歯部顎堤,下顎臼歯部顎堤,a,全部床義歯学一般,
"64歳の男性。上顎多数歯欠損による咀嚼困難を主訴として来院した。診察の結果、上顎にインプラント義歯を製作することとした。プロビジョナルレストレー シ ョンを撤去した後 (A)、ある装置を試適時(B)の口腔内写真を示す。
この操作過程で必要なのはどれか。2つ選べ。[119A60-ori]",咬合紙,仮着セメント,バイトワックス,補綴用スクリュー,ダイヤモンドディスク,14,インプラント(補綴)臨床実地,https://drive.google.com/file/d/1B0fid8dPEDk2ciICMRyOQObnRDfbHh5S/view?usp=drive_link
放射線診療従事者で等価線量限度が定められているのはどれか。3つ選べ。[119A61-ori],脳,皮膚,水晶体,唾液腺,妊娠中女性腹部,235,歯科放射線学一般,https://drive.google.com/file/d/1U6MEMSf19F0AkERfD5Un8rL8ZbGLjCaQ/view?usp=drive_link
"肺炎を繰り返す介護療養型医療施設入所高齢者に対する口腔衛生管理の依頼を受けた。喀痰からPorphyromonas gingivalisが検出されたという。
肺炎の分類の組合せとして考えられるのはどれか。1つ選べ。[119A62-ori]",院内肺炎　ー　誤嚥性肺炎,市中肺炎　ー　誤嚥性肺炎,市中肺炎　ー　非定型肺炎,医療・介護関連肺炎　ー　誤嚥性肺炎,医療・介護関連肺炎　ー　非定型肺炎,d,衛生学一般,
"52歳の男性。上顎左側第一小臼歯の一過性冷水痛を主訴として来院した。15年前に近医で処置を受け問題なく経過していたが、1か月前から一過性冷水痛を自覚 するようになったという。歯髄電気診に正常に反応し、プロービング深さは全周3 mm以内である。暫間的間接覆髄法を行うこととした。初診時の口腔内写真(A)、エックス線画像(B)及び処置中の口腔内写真(C)を示す。
暫間修復材で適切なのはどれか。1つ選べ。[119A63-ori]",水硬性セメント,コンポジットレジン,酸化亜鉛ユージノールセメント,ポリカルボキシレートセメント,従来型グラスアイオノマーセメント,e,保存修復学臨床実地,https://drive.google.com/file/d/1skNJuiWkGeHhwf7H4qKt0DYJYn7yxrTv/view?usp=drive_link
活性化されると心筋の収縮力が増大するのはどれか。1つ選べ。[119A64-ori],ホスホジエステラーゼ,β₁アドレナリン受容体,電位依存性K⁺チャネル,M₂アセチルコリン受容体,Na⁺K⁺-ATPase〈Na⁺/K⁺ポンプ〉,b,生理学一般,
"58歳の女性。下顎右側臼歯の審美不良を主訴として来院した。検査の結果、コンポジットレジン修復を行うこととした。初診時(A)及び旧修復物とともに感染歯質の除去後(B)の口腔内写真を示す。
修復にあたり審美性向上のために配慮すべき事項はどれか。1つ選べ。[119A65-ori]",対咬関係,光照射時間延長,ラウンドベベル付与,トータルエッチング実施,デンティンシェードレジン使用,e,保存修復学臨床実地,https://drive.google.com/file/d/1tbyXP1i6B97D5svxhQ3VXHTOGmCQqSZn/view?usp=drive_link
"70歳の女性。上顎義歯が脱離しやすいことを主訴として来院した。1年前に上顎前歯を抜歯し、義歯を修理したという。検査の結果、安静空隙量が6mmであった。下顎左側臼歯部の義歯は使用していない。治療計画として、上顎は義歯修理、下顎は治療用義歯にて治療を行い、その後に上下顎新義歯を製作することとした。 初診時の口腔内写真(A)、使用中の義歯装着時の口腔内写真(B)及び使用中の義歯の写真(C)を示す。
新義歯製作開始までの過程において、上顎義歯の修理で考慮すべきなのはどれか。2つ選べ。[119A66-ori]",水平的顎間関係確認,リラインに軟質材料使用,前歯部咬合を緊密にする,前歯人工歯切縁を半分削除,咬合高径挙上し臼歯部再形成,。,全部床義歯学臨床実地,https://drive.google.com/file/d/1jKuDnyrw0v-gUYXYhT2WicVhqp89L9Sx/view?usp=drive_link
健康増進法で規定されている特別用途食品に含まれるのはどれか。1つ選べ。[119A67-ori],経腸栄養剤,栄養機能食品,栄養補助食品,機能性表示食品,えん下困難者用食品,e,衛生学一般,
口蓋裂患者にみられるのはどれか。2つ選べ。[119A68-ori],巨舌,尖頭,高口蓋,上顎後退,聴力障害,45,口腔外科学一般,https://drive.google.com/file/d/11a5gxAeW-KAkbb2x1zydh96j-Blrg4vx/view?usp=drive_link
"上下顎歯槽基底部の前後的位置関係を確認する方法を図に示す。
評価するのはどれか。1つ選べ。[119A69-ori]",Wits分析値,早期接触有無,歯槽基底弓長径,ヘッドプレートコレクション,プロフィログラム平均との差,a,歯科矯正学一般,https://drive.google.com/file/d/1KFkrTBr13CHT5JcP2iMHCGWDryYq0iIQ/view?usp=drive_link
"68歳の男性。右側舌縁部の疼痛を主訴として来院した。2か月前から同症状を自覚するようになったがそのままにしていたところ、徐々に増悪してきたという。 既往歴に特記事項を認めず、体格は中等度、栄養状態は良好である。画像検査と生検の結果、扁平上皮癌(T2N0M0)と診断し、全身麻酔下に舌部分切除術と人工真皮貼付術を施行した。初診時の口腔内写真を示す。治療計画を表に示す。
治療計画表中の栄養管理のAとBの組合せで正しいのはどれか。1つ選べ。[119A70-ori]",A 経鼻経管栄養　ー　B 静脈栄養,A 経鼻経管栄養　ー　B 経口摂取,A 末梢静脈栄養　ー　B 経口摂取,A 末梢静脈栄養　ー　B 経鼻経管栄養,A 中心静脈栄養　ー　B 経口摂取,b,口腔外科学臨床実地,https://drive.google.com/file/d/1fV-FKKLaq50uofzprhRyfIM6CdWdbjon/view?usp=drive_link
下顎の前歯部叢生のレべリングに適したワイヤーはどれか。3つ選べ。[119A71-ori],ステンレス鋼,チタンニオブ合金,コバルトクロム合金,ニッケルチタン合金,チタンモリブデン合金,245,歯科矯正学一般,https://drive.google.com/file/d/1ILaTZ1UUttMGINbZar-eaWWhOKGYrmJK/view?usp=drive_link
"30歳の女性。下顎左側の歯の欠損による咀嚼困難を主訴として来院した。1年前に外傷のために歯を喪失したという。診察の結果、インプラント義歯を製作することとした。口腔内写真(A)及びパノラマエックス線画像(B)を示す。
診断用テンプレートを製作するためにまず行うのはどれか。1つ選べ。[119A72-ori]",CT検査,印象採得,咬合器装着,シミュレーション,診断用ワックスアップ,b,インプラント(補綴)臨床実地,https://drive.google.com/file/d/1A9lWfQ4VE_53kKb2t2ITLC5RKT7SoBjw/view?usp=drive_link
"73歳の女性。上顎右側犬歯の歯肉の痛みを主訴として来院した。6か月前から同部の歯肉に触れた際に違和感があり、1週前から痛むようになったという。歯根中央部の歯肉に圧痛を認めるが、自発痛と打診痛はなく、歯肉に波動を触知しなかった。初診時の口腔内写真(A)、エックス線画像(B)及び歯科用コーンビームCT(C、D)を示す。歯周組織検査結果の一部を表に示す。
行うべき処置と使用する材料の組合せで正しいのはどれか。1つ選べ。[119A73-ori]",骨穿孔　ー　水酸化カルシウム製剤,意図的再植　ー　接着性レジンセメント,歯根尖切除　ー　強化型酸化亜鉛ユージノールセメント,歯槽骨削除　ー　ハイドロキシアパタイト,吸収部位の掻爬　ー　グラスアイオノマーセメント,e,歯内療法学臨床実地,https://drive.google.com/file/d/1DWWZ7mMMDxOdW7MjVTQOz_YE5HWRrcSz/view?usp=drive_link
"器具の写真を示す。
使用目的はどれか。1つ選べ。[119A74-ori]",咬合圧の測定,最大開口量の測定,下顎前方移動量の測定,矢状切歯路傾斜角の記録,フェイスボウトランスファー,c,全部床義歯学一般,https://drive.google.com/file/d/1Aha_Hnr3ormIfXn-QMnZqgoUKfcpeBEu/view?usp=drive_link
"上顎右側小臼歯部と同側の側頭部に持続性の鈍痛を訴える患者が来院した。診察の結果、歯に異常所見を認めなかった。触診の際に、側頭部を圧迫すると歯痛が増強した。そこで、圧痛点に局所麻酔を施したところ小臼歯部の鈍痛が減弱した。
この歯痛はどれか。1つ選べ。[119A75-ori]",関連痛,歯原性歯痛,心因性疼痛,神経障害性疼痛,特発性（非定型）歯痛,a,歯科麻酔学一般,
"8歳の男児。上顎右側中切歯が生え代わらないことを主訴として来院した。初診時の口腔内写真(A)とエックス線画像(B)を示す。
1‏‎‎⏌の萌出遅延の原因はどれか。1つ選べ。[119A76-ori]",2⏌矮小歯,BA⏌癒合歯,1⏌先天欠如,上唇小帯肥厚,上顎正中埋伏過剰歯,b,小児歯科学臨床実地,https://drive.google.com/file/d/1whw_WCDa4GpKvRncpcHlsHrMmRf7sul6/view?usp=drive_link
"8歳の男児。前歯部の隙間を主訴として来院した。初診時の顔貌写真(A)、口腔内写真(B)、早期接触位の写真(C)、エッ クス線画像(D)及び上顎前歯部の歯科用コーンビームCT(E)を示す。セファロ分析の結果を図に示す。
適切な治療方針はどれか。4つ選べ。[119A77-ori]",過剰歯の抜去,上顎骨の成長促進,上顎中切歯の唇側傾斜,上顎両側側切歯部の開窓,上顎両側第二乳臼歯の抜去,1235,歯科矯正学臨床実地,https://drive.google.com/file/d/1TmXfPq-ol3FHqK-Zn2I3vtT3BrI4Qmhd/view?usp=drive_link
骨粗題症の誘因はどれか。2つ選べ。[119A78-ori],閉経,甲状腺機能低下症,ビタミンAの不足,抗RANKL抗体製剤の投与,副腎皮質ステロイド薬の長期投与,15,口腔外科学一般,https://drive.google.com/file/d/1uJ-0i-mU0tf4eMG093LO16e32qEzcqsm/view?usp=drive_link
" 54歳の女性。下顎左側第一大臼歯部の違和感を主訴として来院した。6か月前から自覚していたがそのままにしていたという。検査の結果、慢性歯周炎と診断し、歯周基本治療後に組織再生誘導法⎾6の根分岐部に対して行うこととした。歯周基本治療終了後の口腔内写真(A)、エックス線画像(B)と術中の口腔内写真(C)を示す。歯周組織検査結果の一部を表に示す。
術中の口腔内写真以降の治療過程で4番目に行うのはどれか。1つ選べ。[119A79-ori]",縫合,肉芽除去,GTR膜の設置,ファーケーションプラスティ,スケーリング・ルートプレーニング,c,歯周病学臨床実地,https://drive.google.com/file/d/1E-LI29jcBQKT2ujelg7pBj-zhKCksxrR/view?usp=drive_link
インプラントのオッセオインテグレーション獲得に対するリスクファクターはどれか。3つ選べ。[119A80-ori],喫煙,高血圧,糖尿病,出血性素因,ブラキシズム,135,インプラント(口外)一般,https://drive.google.com/file/d/11X1dRZW8zAgrgqDGdrAmq6FWioY-mijG/view?usp=drive_link
"13歳の女子。左側頰部の腫脹を主訴として来院した。1年前に気付いていたが痛みがなかったのでそのままにしていたところ、徐々に増大してきたという。上顎左側の腫脹部は骨様硬で発赤や圧痛は認めない。初診時のエックス線画像(A)、CT(B)及び3D-CT(C)を示す。
他に精査を依頼すべき部位はどれか。2つ選べ。[119A81-ori]",脳,皮膚,消化管,大腿骨,眼瞼結膜,12,口腔外科学臨床実地,https://drive.google.com/file/d/1FqNESkuonYkS8P8_3qEc3MUCGhFDDT6j/view?usp=drive_link
"脳の矢状断像の模式図を示す。
嚥下反射の誘発に関わる一次ニューロンが直接入力するのはどれか。1つ選べ。[119A82-ori]",ア,イ,ウ,エ,オ,d,生理学一般,https://drive.google.com/file/d/15Z2MOyzks_gTiYo1wa3fU2OQupyOKIz1/view?usp=drive_link
"74歳の女性。上顎右側臼歯部の義歯紛失による咀嚼困難を主訴として来院した。診察の結果、残存歯の歯周組織に問題を認めないことからレジン床による上顎部分床義歯を製作することとした。下顎残存歯列は左右第二大臼歯まで認められた。初診時の口腔内写真を示す。
義歯の設計で考慮すべきなのはどれか。3つ選べ。[119A83-ori]",把持作用の活用,粘膜負担型の形態,義歯着脱方向の規制,歯軸方向への機能力の伝達,義歯床口蓋部へのビーディング付与,134,部分床義歯学臨床実地,https://drive.google.com/file/d/1aRyqcyvbG4fe7wB_kSEW2asYaxpDFAtL/view?usp=drive_link
Th17細胞の機能はどれか。1つ選べ。[119A84-ori],IL-4の産生,IFN-γの産生,過剰な免疫応答の抑制,B細胞でのIgE産生の誘導,感染病巣への好中球の遊走,e,微生物学一般,
健康リテラシーが高い状態はどれか。2つ選べ。[119A85-ori],受動喫煙の回避,多数の医療機関の受診,休養不足での就労の継続,罹患した疾病の情報収集,重篤な医薬品副作用の受容,14,衛生学一般,https://drive.google.com/file/d/1LDr2vfLoS6kkIqEiFzlYLQdHMmDUEExc/view?usp=drive_link
顎骨病変がみられるのはどれか。2つ選べ。[119A86-ori],Gardner症候群,基底細胞母斑症候群,Peutz-Jeghers症候群,Sturge-Weber症候群,Plummer-Vinson症候群,12,口腔外科学一般,https://drive.google.com/file/d/1V_u9NIJy-x0WONuC1C_hcY89Pjjfj0Vc/view?usp=drive_link
"窩洞形態に対するCファクターの模式図を示す。
C値が2.0であるのはどれか。1つ選べ。[119A87-ori]",ア,イ,ウ,エ,オ,d,保存修復学一般,https://drive.google.com/file/d/1IGPniHpvTYKvphIqxsmaw65ADEf3t-uS/view?usp=drive_link
乳児期にチアノーゼをきたす先天性心疾患はどれか。1つ選べ。[119A88-ori],Fallot四徴症,動脈管開存症,肥大型心筋症,心室中隔欠損症,心房中隔欠損症,a,小児歯科学一般,
"上顎全部床義歯製作中のある過程の写真(A)と完成したある装置の写真(B)を示す。
Aの製作過程を実施の順番に並べよ。[119A89-ori]",ア,イ,ウ,エ,オ,53214,全部床義歯学一般,https://drive.google.com/file/d/1MCdO-GoBSsNNSgz83ML5LL946OUy6Q-5/view?usp=drive_link
"20歳の女性。下顎のavailable arch length は 68.0mm、required arch length は74.0mm、Spee 彎曲の深さは0mmである。マルチブラケット装置を用いた治療計画を立案した結果、total discrepancyはｰ9mmであった。目標とする下顎切歯の舌側移動量を求めよ。
ただし、小数点以下第2位を四捨五入すること。[119A90-ori]",,,,,,1.5,歯科矯正学一般,https://drive.google.com/file/d/1ER3ujJhTc7rjezoldIAb1UMQElhUTFZ2/view?usp=drive_link
セファロ分析の距離計測項目のうち、舌突出癖によって値が変化するのはどれか。1つ選べ。[119B1-ori],N-S,S-Ba,N-Me,Go-Me,ANS-PNS,c,歯科矯正学必修,
唾液腺に由来するのはどれか。1つ選べ。[119B2-ori],類皮囊胞,鼻歯槽囊胞,甲状舌管囊胞,鼻口蓋管囊胞, Blandin-Nuhn囊胞,e,口腔外科学必修,
神経細胞の老化によって細胞内で増加するのはどれか。1つ選べ。[119B3-ori],キネシン, Nissl小体,アズール顆粒,リポフスチン顆粒,ニューロフィラメント,d,生化学必修,
患者への説明によって、患者が治療方針を理解し積極的に治療に参加するようになるのはどれか。1つ選べ。[119B4-ori],アウトカム,アドヒアランス,エンパワメント,リビングウィル,コンプライアンス,b,衛生学必修,
針刺し創部の洗浄後の消毒に用いるのはどれか。2つ選べ。[119B5-ori],グルタラール,ポビドンヨード,消毒用エタノール,次亜塩素酸ナトリウム,クロルヘキシジングルコン酸塩,23,微生物学必修,https://drive.google.com/file/d/18At1xl3Al1d3qoGo7Dd3ipLYogGeJrr8/view?usp=drive_link
 MID<Minimal Intervention Dentistry>における齲蝕のマネージメントで正しいのはどれか。1つ選べ。[119B6-ori],歯髄保存療法の実施,齲蝕象牙質内層の除去,齲蝕病変の活動性評価,表層下脱灰病変の除去,窩洞外形の自浄域への設置,c,保存修復学必修,
病原体関連分子パターンを認識する受容体はどれか。1つ選べ。[119B7-ori],補体受容体, B細胞受容体,T細胞受容体,Toll様受容体<TLR>,サイトカイン受容体,d,微生物学必修,
医薬部外品の歯磨剤に歯周病予防を目的として配合される薬用成分はどれか。1つ選べ。[119B8-ori],硝酸カリウム,トラネキサム酸,アルギン酸ナトリウム,ピロリン酸カルシウム,ポリエチレングリコール,b,衛生学必修,
歯肉炎の病態で正しいのはどれか。1つ選べ。[119B9-ori],歯周膿瘍,歯肉退縮,付着の喪失,歯根膜腔拡大,ポケット形成,e,歯周病学必修,
要介護高齢者の介護サービス計画を作成するのはどれか。1つ選べ。[119B10-ori],医師,介護福祉士,社会福祉士,訪問介護員,介護支援専門員,e,衛生学必修,
"ある患者の血液検査の結果の一部を表に示す。
考えられるのはどれか。1つ選べ。[119B11-ori]",血友病,再生不良性貧血,von Willebrand 病,播種性血管内凝固症候群,特発性血小板減少性紫斑病,a,口腔外科学必修,https://drive.google.com/file/d/1BfBLoynhfiV7Kc9RGQgQ2hALpfbkDyFt/view?usp=drive_link
感染性廃棄物とバイオハザードマークの色の組合せで正しいのはどれか。1つ選べ。[119B12-ori],血液　ー　黄色,メス　ー　オレンジ色,注射針　ー　黄色,縫合糸　ー　赤色,止血に使用したガーゼ　ー　赤色,c,衛生学必修,
温度変化によって硬化する非弾性印象材はどれか。1つ選べ。[119B13-ori],寒天印象材,アルジネート印象材,シリコーンゴム印象材,酸化亜鉛ユージノール印象材,モデリングコンパウンド印象材,e,歯科理工学必修,
閉口筋にある筋紡錘を支配する感覚神経の細胞体があるのはどれか。1つ選べ。[119B14-ori],三叉神経上核,三叉神経運動核,三叉神経主感覚核,三叉神経脊髄路核,三叉神経中脳路核,e,生理学必修,
咬耗の原因となるのはどれか。2つ選べ。[119B15-ori],ブラキシズム,フッ化物での洗口,強圧でのブラッシング,頻回な部分床義歯の着脱,対合関係にあるモノリシックジルコニアクラウンの研磨不良,15,保存修復学必修,https://drive.google.com/file/d/1J3nd3nMwljCtstJjzksLQHOe07vRiBIB/view?usp=drive_link
口内法エックス線撮影において、小児と成人で変更するのはどれか。2つ選べ。[119B16-ori],照射時間,照射筒の長さ,焦点の大きさ,ろ過板の厚さ,検出器の大きさ,15,歯科放射線学必修,https://drive.google.com/file/d/12UAtU_f7r1OBC0fApUOFdnN1zoS8iNBG/view?usp=drive_link
口腔内で特殊粘膜で覆われるのはどれか。1つ選べ。[119B17-ori],頰,歯肉,舌縁,舌背,硬口蓋,d,解剖組織学必修,
AEDについて正しいのはどれか。1つ選べ。[119B18-ori],心静止に有効である。,小児には使用できない。,使用は医療従事者に限られる。,心電図解析中は胸骨圧迫を中断する。,心臓ペースメーカ装着患者への使用を避ける。,d,歯科麻酔学必修,
アミノ酸の代謝産物を反映する検査項目はどれか。1つ選べ。[119B19-ori],FBS,LDH,尿素窒素,直接ビリルビン,,c,歯科麻酔学必修,
哺乳齲蝕の初発部位はどれか。1つ選べ。[119B20-ori],上顎乳前歯唇側面,上顎乳前歯口蓋面,下顎乳前歯唇側面,下顎乳前歯舌側面,下顎乳臼歯咬合面,b,小児歯科学必修,
舌癌の予防で適切なのはどれか。2つ選べ。[119B21-ori],禁煙,減塩,糖質制限,適正体重の維持,歯の鋭縁の削除,15,口腔外科学一般,https://drive.google.com/file/d/1BPHEZqOMUZSdI9oeFVuEZPHAmdMzrJcf/view?usp=drive_link
" 8歳の男児。上顎右側乳犬歯遠心部に食物が挟まることを主訴として来院した。1か月前から気付いていたが痛みがないのでそのままにしていたという。初診時の口腔内写真(A)とエックス線画像(B)を示す。
C⏌に対する適切な対応はどれか。1つ選べ。[119B22-ori]",経過観察,コンポジットレジン修復,抜髄,感染根管治療,抜歯,b,小児歯科学臨床実地,https://drive.google.com/file/d/1hTLtJwVFPNbEz9eg2TVv1PEgWKHnmKZB/view?usp=drive_link
"左側口底部の無痛性腫脹を主訴として来院した患者のMRI脂肪抑制T2強調冠状断像(A)、脂肪抑制T2強調横断像(B)及び拡散強調像(C)を示す。
最も疑われるのはどれか。1つ選べ。[119B23-ori]",膿瘍,脂肪腫,唾石症,顎下腺炎,ラヌーラ,e,口腔外科学一般,https://drive.google.com/file/d/1VLkzkJtQvRubxfBnUTErXAKBeSX-jGob/view?usp=drive_link
" 24歳の女性。下顎左側大臼歯部の疼痛を主訴として来院した。診察の結果、智歯周囲炎と診断し抜歯することとした。局所麻酔中に顔面蒼白となり気分不快を訴えた。意識レベルはJCSⅡ-20であった。AEDを要請し、生体情報モニタ装着および静脈路確保を行った。このときの生体情報モニタ画面の写真を示す。
適切な対応はどれか。1つ選べ。[119B24-ori]",電気的除細動,胸骨圧迫心マッサージ,ニトログリセリンの舌下投与,ニカルジピン塩酸塩の静脈内投与,アトロピン硫酸塩水和物の静脈内投与,e,歯科麻酔学臨床実地,https://drive.google.com/file/d/1ndZCxsouZqvFQ7A1X72COTkkmBk_kBjL/view?usp=drive_link
認知症の中核症状はどれか。2つ選べ。[119B25-ori],失語,妄想,せん妄,抑うつ,見当識障害,15,衛生学一般,https://drive.google.com/file/d/1Gdmbre0MVD9e0hwVrLwuAH8yyCYWJtD7/view?usp=drive_link
"口腔内に装着された矯正装置を示す。
この装置の作用様式と矯正力の種類の組合せで正しいのはどれか。1つ選べ。[119B26-ori]",間歇的　ー　器械的,間歇的　ー　機能的,持続的　ー　器械的,持続的　ー　機能的,断続的　ー　器械的,c,歯科矯正学一般,https://drive.google.com/file/d/1i2ygkNVxQ7cz79df4iRys3-gz8-YrRCs/view?usp=drive_link
"⎾④5 6⑦プロビジョナルブリッジ装着後、患者による清掃状態を確認中の写真を示す。	
この確認で最終補綴装置に反映されるのはどれか。2つ選べ。[119B27-ori]",咬合高径,咬合接触関係,連結部の形態,隣接接触点の強さ,ポンティックの基底面形態,35,冠橋義歯学一般,https://drive.google.com/file/d/1odzEzhPKdO7aQALh4afOf1OS0E3Cioor/view?usp=drive_link
マイクロサージェリーによる歯根尖切除法で行うのはどれか。2つ選べ。[119B28-ori],根尖側3mmで切断,歯軸に対して45°で切断,マイクロミラーによる歯根切断面の確認,切断面から深さ1mmの逆根管充塡窩洞形成,尖形裂溝状スチールバーを用いた逆根管充塡窩洞形成,13,歯内療法学一般,https://drive.google.com/file/d/1nkY-beSEiVXTLzG5E7YdVwyHlZBFq16y/view?usp=drive_link
"収縮期血圧が130 mmHg、拡張期血圧が70 mmHgの時の平均血圧はどれか。1つ選べ。
ただし、小数点以下第1位を四捨五入すること。[119B29-ori]",87 mmHg,90 mmHg,100 mmHg,110 mmHg,113 mmHg,b,歯科麻酔学一般,
不可逆的機能停止が死の三徴候に含まれるのはどれか。3つ選べ。[119B30-ori],脳,肺,心臓,肝臓,腎臓,123,衛生学一般,https://drive.google.com/file/d/12ZKAqeNquyketDbF7owzbVPCOMm8J81f/view?usp=drive_link
摂食嚥下障害患者に対する誤嚥防止を目的とした治療的アプローチはどれか。1つ選べ。[119B31-ori],プッシング訓練,毎食後の口腔ケア,液体へのとろみ付け,頸部前屈位での食事,軟口蓋挙上装置の使用,a,衛生学一般,
"85歳の男性。口腔衛生管理を希望して入所中の特別養護老人ホームから訪問診療の依頼があった。認知症、誤嚥性肺炎、高血圧症の既往があり、降圧薬を服用している。胃瘻による経腸栄養管理が行われており、4年以上経口摂取をしていな い。初診時の口腔内写真を示す。
まず行うのはどれか。1つ選べ。[119B32-ori]",間接訓練,抗菌薬の投与,口腔機能精密検査,口腔保湿剤の塗布,超音波スケーラーによる歯石除去,d,衛生学臨床実地,https://drive.google.com/file/d/1gf9Gy2MJ82y2zwEGQSCHVISamtsQJcwE/view?usp=drive_link
細胞内の受容体に結合するのはどれか。1つ選べ。[119B33-ori],インスリン,グルカゴン,カルシトニン,成長ホルモン,活性型ビタミンD₃,e,生理学一般,
"9歳の男児。下顎左側第一乳臼歯部の歯肉腫脹を主訴として来院した。軽度の動揺はあるが、自発痛と打診痛はない。初診時の口腔内写真(A)とエックス線画像(B)を示す。
⎾Dに対する適切な対応はどれか。1つ選べ。[119B34-ori]",経過観察,生活歯髄切断,抜髄,感染根管治療,抜歯,e,小児歯科学臨床実地,https://drive.google.com/file/d/1Wa4B8WIoOT87yIR_nVO4m5qzbEC-ppPO/view?usp=drive_link
歯の動揺度検査でMillerの判定基準の1度はどれか。1つ選べ。[119B35-ori],フレミタスの有無,歯軸方向の動揺範囲,近遠心方向の動揺,唇舌方向の0.2 mm未満の動揺,唇舌方向の0.2～1.0mmの動揺,e,歯周病学一般,
"20歳の女性。下顎左側臼歯部の腫脹を主訴として来院した。6か月前から自覚していたが、1か月前から徐々に増大してきたという。触診にて腫脹部は骨様硬で圧痛はない。初診時のパノラマエックス線画像(A)、CT(B)、MRI(C)及び生検時のH-E染色病理組織像(D)を示す。
適切な治療法はどれか。1つ選べ。[119B36-ori]",開窓,摘出術,下顎辺縁切除術,下顎区域切除術,下顎半側切除術,d,口腔外科学臨床実地,https://drive.google.com/file/d/1UyoC6k-1-pdQoukK8Y9CUmCC83MLHFVl/view?usp=drive_link
"待合室で全身けいれん発作が生じ意識が消失した。
まず行うのはどれか。1つ選べ。[119B37-ori]",気道確保,胸骨圧迫,身体抑制,静脈路確保,開口器の挿入,a,歯科麻酔学一般,
"75歳の男性。口蓋の腫瘤が気になることを主訴として来院した。同部に骨様硬の膨隆を認め、粘膜は一部白色を呈していた。初診時の口腔内写真(A)、CT(B)及び生検のH-E染色病理組織像(C)を示す。
口蓋粘膜と上顎骨に対する対応の組合せで正しいのはどれか。1つ選べ。[119B38-ori]",切除　ー　経過観察,切除　ー　口蓋隆起切除,切除　ー　上顎部分切除,抗真菌薬の投与　ー　経過観察,副腎皮質ステロイド軟膏塗布　ー　経過観察,b,口腔外科学臨床実地,https://drive.google.com/file/d/1vptVZfl02RmReej5x1u0Fvgr4kClng_U/view?usp=drive_link
組織内照射に用いる核種で、永久的に留置するのはどれか。1つ選べ。[119B39-ori],¹⁹⁸Au,⁶⁰Co,¹³⁷Cs,¹⁹²Ir,²²⁶Ra,a,歯科放射線学一般,
室内空気汚染の指標として用いられるのはどれか。1つ選べ。[119B40-ori],窒素,一酸化炭素,二酸化硫黄,二酸化炭素,二酸化窒素,d,衛生学一般,
口腔に水疱が出現するのはどれか。2つ選べ。[119B41-ori],風疹,麻疹,手足口病,ヘルパンギーナ,流行性耳下腺炎,34,口腔外科学一般,https://drive.google.com/file/d/1aBIqO05utAwLyNMjq7s-BH8FiVRHHISJ/view?usp=drive_link
歯周病予防のための生活習慣改善の対象はどれか。3つ選べ。[119B42-ori],PTC,飲酒,喫煙,服薬,食生活,235,衛生学一般,https://drive.google.com/file/d/1VnGg_X1uPAiLv5rmac2i5g4lgUchF472/view?usp=drive_link
"48歳の女性。右側顎関節部の腫脹と開口困難を主訴として来院した。3年前から同部の疼痛と開口困難を自覚し、1年前から右顎関節部が腫脹してきたという。初診時のパノラマエックス線画像(A)、右顎関節部のCT (B)、MRI(C)及び切除物のH-E染色病理組織像(D)を示す。
診断名はどれか。1つ選べ。[119B43-ori]",偽痛風,骨肉腫,軟骨肉腫,骨芽細胞腫,滑膜性軟骨腫症,e,口腔外科学臨床実地,https://drive.google.com/file/d/1Wu1wCx0Xs9dgTyCx-TWzITj6J0gn58gw/view?usp=drive_link
"50歳の男性。下顎右側第二大臼歯欠損による咀嚼困難を主訴として来院した。診察の結果、インプラント義歯を製作することとした。印象採得後に印象用コーピングをインプラントから撤去した後の口腔内写真(A)、撤去した印象用コーピングの写真(B)及び口腔内から撤去した印象体の写真(C)を示す。
次に行うのはどれか。1つ選べ。[119B44-ori]",石膏の注入,ダウエルピンの設置,ガム用シリコーンゴムの注入,印象用コーピングの印象への挿入,印象用コーピングとインプラントアナログの連結,e,インプラント(補綴)臨床実地,https://drive.google.com/file/d/1qfElc5WI5SrQUgxLFbqsBID06yWOu0A-/view?usp=drive_link
"下顎Kennedy Ⅱ級で少数歯欠損症例に対して部分床義歯を製作することとした。
精密印象採得に用いる個人トレーで正しいのはどれか。2つ選べ。[119B45-ori]",粘膜部に遁路を付与する。,粘膜部にストッパーを付与する。,粘膜部にスペーサーを付与する。,粘膜辺縁部にコンパウンドを付加する。,粘膜辺縁部は歯肉頰移行部で封鎖する。,45,部分床義歯学一般,https://drive.google.com/file/d/1uEA6LyxyyCDc42pdtban6KfWypnvbGr0/view?usp=drive_link
"75歳の男性。上顎粘膜の灼熱感を主訴として来院した。上顎には7年前に製作した義歯が装着されていた。診察の結果、義歯の適合や咬合に異常は認められず、 病原体検査ではCandida albicansが検出された。初診時の口腔内写真を示す。
対応で正しいのはどれか。3つ選べ。[119B46-ori]",義歯安定剤の使用を勧める。,義歯洗浄剤の使用を勧める。,硬い食品の摂取を控えさせる。,ミコナゾール硝酸塩を塗布する。,就寝中は義歯を外すよう指導する。,245,全部床義歯学臨床実地,https://drive.google.com/file/d/1Kje810UDuP3Yry8AkShMIwiLUT6yHb0F/view?usp=drive_link
上顎の前後方向の成長に関与するのはどれか。1つ選べ。[119B47-ori],上顎間縫合,鼻骨間縫合,前頭頰骨縫合,前頭上顎縫合,翼突口蓋縫合,e,歯科矯正学一般,
心肺蘇生法において人工呼吸を行う際に、救助者の感染予防に有効なのはどれか。1つ選べ。[119B48-ori],酸素マスク,鼻カニューラ,経口エアウェイ,バイトブロック,バッグバルブマスク,e,歯科麻酔学一般,
"35歳の男性。下顎右側第一大臼歯の一過性冷水痛を主訴として来院した。2週前から自覚しているという。歯髄電気診には正常に反応する。光硬化型グラスアイオノマーセメント修復を行うこととした。初診時のエックス線画像(A)、処置開始時(B)及び齲窩開拡後(C)の写真を示す。
考慮すべきなのはどれか。1つ選べ。[119B49-ori]",外開き窩洞,円形穿下の付与 ,十分な予防拡大,バットジョイント,遠心への鳩尾形付与,d,保存修復学臨床実地,https://drive.google.com/file/d/1g2MBMDstCxO7kOrRzMvsCynXr8feXqrl/view?usp=drive_link
"62歳の女性。下顎左側臼歯部補綴装置の動揺を主訴として来院した。検査の結果、慢性歯周炎と診断し歯周基本治療を行った。再評価の結果、歯周外科治療を行うこととした。初診時のエックス線画像(A)及び補綴装置除去後の術前口腔内写真(B)を示す。再評価時の歯周組織検査結果の一部を表に示す。
⎾5に実施する歯周外科治療はどれか。2つ選べ。[119B50-ori]",骨移植術,歯肉切除術,遊離歯肉移植術,歯肉弁根尖側移動術,FGF-2製剤を用いた再生療法,15,歯周病学臨床実地,https://drive.google.com/file/d/1ARnHUO75K3n0Ui5xEyQkIDh8xwiVDPm3/view?usp=drive_link
"⑥5④⏌ブリッジの製作過程の口腔内写真(A)と口腔内から取り出した装置の写真(B)を示す。
Bの次に行うのはどれか。1つ選べ。[119B51-ori]",埋没,ろう付け,チェックバイト採得,隣接歯との接触関係の調整,フェイスボウトランスファー,a,冠橋義歯学一般,https://drive.google.com/file/d/1hmK2QpkxaZIJ9PpMhz9jUgR9Dsa68bXW/view?usp=drive_link
上顎急速拡大装置の効果判定に用いられるのはどれか。2つ選べ。[119B52-ori],MRI,咬合法エックス線画像,咬翼法エックス線画像,歯科用コーンビームCT,側面頭部エックス線規格写真,24,歯科矯正学一般,https://drive.google.com/file/d/1m4GcRpEeQdIW3gbAYvyPNeuqKDqvwnz9/view?usp=drive_link
"6歳の男児。転倒によって下顎前歯部を受傷したため来院した。下顎前歯部に動揺は認められない。初診時の口腔内写真(A)とエックス線画像(B)を示す。
適切な対応はどれか。1つ選べ。[119B53-ori]",固定,整復,抜歯,抜髄,経過観察,e,小児歯科学臨床実地,https://drive.google.com/file/d/1Yd86yt_m1876ym5fKeA2H2cVyHoqu6vJ/view?usp=drive_link
"上顎右側前歯部のレべリング時の口腔内写真を示す。
矢印の間のアーチワイヤーに付加するのはどれか。1つ選べ。[119B54-ori]",エラスティックスレッド,エラスティックチェーン,オープンコイルスプリング,エラスティックセパレーター,クローズドコイルスプリング,c,歯科矯正学一般,https://drive.google.com/file/d/1V7wlDSkJOg-VpcHGEg69z2zWVcNEEM43/view?usp=drive_link
Parkinson病の発症に関連するのはどれか。1つ選べ。[119B55-ori],タウ蛋白,プリオン,α-シヌクレイン,ポリグルタミン,アミロイドβ蛋白,c,病理学一般,
"生後3か月の乳児。舌の異常を主訴として来院した。出生時から哺乳瓶を使用しているが、1週前から授乳時に号泣するという。初診時の体重は6,100 gであった。初診時の口腔内写真を示す。
まず行うのはどれか。1つ選べ。[119B56-ori]",⎾A抜去,経過観察,舌の生検,人工乳首の変更,⎾A切縁の形態修正,e,小児歯科学臨床実地,https://drive.google.com/file/d/1K3rgK_qxo-EFYDqjBXargnIYZ0_gb4H7/view?usp=drive_link
"ある運動を行った際の筋電図を示す。
この筋電図波形が発生するのはどれか。1つ選べ。[119B57-ori]",嚥下,開口,呼吸,咀嚼,発音,d,生理学一般,https://drive.google.com/file/d/1QIvegsblkskktFzBjhrnff2CTCL0bxjD/view?usp=drive_link
パノラマエックス線画像で、骨粗鬆症のリスク予測に用いるのはどれか。1つ選ベ。[119B58-ori],歯,頸椎,舌骨,下顎骨,上顎骨,d,歯科放射線学一般,
創部に用いる閉鎖式ドレーンの目的はどれか。3つ選べ。[119B59-ori],血腫の防止,死腔の防止,抗菌薬の投与,滲出液の性状確認,創部の無菌的洗浄,124,口腔外科学一般,https://drive.google.com/file/d/1S262Ut1O7onc39_d9LbQ6ickoS4jUG30/view?usp=drive_link
温熱刺激によって持続する痛みが誘発されるのはどれか。2つ選べ。[119B60-ori],歯髄充血,上行性歯髄炎,急性化膿性歯髄炎,慢性潰瘍性歯髄炎,慢性増殖性歯髄炎,23,歯内療法学一般,https://drive.google.com/file/d/1EHh7yMwxl5_FBO9OFKyRKx54A-rXNotc/view?usp=drive_link
"ソーシャルキャピタルの説明を以下に示す。
「社会関係資本とも呼ばれ、人々の信頼やネットワークを背景に(　　　)を活発化し、効率性を高めることができる社会組織に特徴的な資本である。」
(	)に入るのはどれか。1つ選べ。[119B61-ori]",環境保護,公的支援,受診勧奨,相互扶助,公衆衛生活動,d,衛生学一般,
"48歳の女性。下顎左側第一大臼歯の抜去後の補綴歯科治療を希望して来院した。
診察の結果、ブリッジ治療を行うこととした。支台歯形成後の口腔内写真(A)及び完成した補綴装置の写真(B)を示す。
本ブリッジの口腔内試適時から装着までの操作はどれか。2つ選べ。[119B62-ori]",咬合接触関係の検査と調整,支台歯被着面のシラン処理,隣接歯との接触関係の検査と調整,グラスアイオノマーセメントによる装着,補綴装置被着面のアルミナサンドブラスト処理,15,冠橋義歯学臨床実地,https://drive.google.com/file/d/1arTJzzm-z0rJy4yuCwVN2Ims-NEY61Dz/view?usp=drive_link
"9歳の男児。上顎左側中切歯の歯列不正を主訴として来院した。8歳になってから萌出し、徐々に突出してきたという。初診時の口腔内写真(A、B)とエックス線画像(C)を示す。
原因として考えられるのはどれか。2つ選べ。[119B63-ori]",過剰歯,癒合歯,口腔習癖,上唇小帯,切歯結節,25,小児歯科学臨床実地,https://drive.google.com/file/d/1ornHecFIDEcc-WnPnF47KoOz1IkpM2n6/view?usp=drive_link
根分岐部病変に対する歯根切断除去療法はどれか。2つ選べ。[119B64-ori],トンネリング,ヘミセクション,ルートリセクション,ルートセパレーション,ファーケーションプラスティ,23,歯周病学一般,https://drive.google.com/file/d/1i7WJxB3-9b0VRJ4gQV3srf07qOIlunUW/view?usp=drive_link
"24歳の女性。上顎左側第二小臼歯の冷水痛を主訴として来院した。2週前から、冷たいものがしみるようになったという。自発痛と打診痛は認めない。診察と検査の結果、インレーを除去後、生活断髄を行うこととした。初診時の口腔内写真(A)、エックス線画像(B)、髄室開拡時の口腔内写真(C)及び髄室開拡後にある処置を行い、止血した後の口腔内写真(D)を示す。
次に使用するのはどれか。1つ選べ。[119B65-ori]",裏層器,有鈎探針,ゲーツグリッデンドリル,平頭裂溝状スチールバー,スプーンエキスカベーター,a,歯内療法学臨床実地,https://drive.google.com/file/d/1JbfRzMQl12lM0G9fjNSA_smDZbe5QsvP/view?usp=drive_link
軟骨無形成症児にみられる口腔所見はどれか。1つ選べ。[119B66-ori],溝状舌,短根歯,上顎の劣成長,タウロドント,歯の早期萌出,c,病理学一般,
"モノマーの構造式を示す。
接着性モノマーはどれか。2つ選べ。[119B67-ori]",ア,イ,ウ,エ,オ,34,歯科理工学一般,https://drive.google.com/file/d/1VmNex-L4brE49MfWokHHqOkW_uNOiyvQ/view?usp=drive_link
"82歳の男性。食べこぼしが増えたことを主訴として家族とともに来院した。3 か月前から食事の際に食べこぼしが増えたことを家族が気にしているという。医療面接中に口を繰り返し動かす状態が観察された。医療面接中の写真を示す。
確認すべき常用薬はどれか。2つ選べ。[119B68-ori]",抗真菌薬,抗血小板薬, 抗リウマチ薬,定型抗精神病薬,抗Parkinson病薬,45,口腔外科学臨床実地,https://drive.google.com/file/d/1oqX8SLgC21VmYHshtZU-ZbRtp4L5a1j9/view?usp=drive_link
"65歳の女性。上顎右側中切歯の審美不良を主訴として来院した。診察の結果、1⏌にクラウンを製作することとした。コーピング試適時の口腔内写真を示す。
レジン前装冠と比較したこのクラウンの特徴で正しいのはどれか。3つ選べ。[119B69-ori]",着色しやすい。,耐摩耗性が高い。,色調再現性が高い。,プラークが付着しやすい。,金属アレルギー患者に適用できる。,235,冠橋義歯学臨床実地,https://drive.google.com/file/d/1-kbwKJ2mRrp3Ta7pzEyAGFwXJ13YgGeg/view?usp=drive_link
"8歳の女児。受け口を主訴として来院した。切端咬合位をとることができない。初診時の顔面写真(A)、口腔内写真(B)及びエックス線画像 (C)を示す。セファロ分析の結果を図に示す。
適切な治療方針はどれか。3つ選べ。[119B70-ori]",上顎前歯の唇側傾斜,下顎前歯の挺出抑制,上顎骨の前方成長促進,下顎骨の前方成長抑制,上顎両側第一大臼歯の遠心回転,245,歯科矯正学臨床実地,https://drive.google.com/file/d/1vYwtQZ0m_9nR6q9pqwdtu8oaBBKJhgZC/view?usp=drive_link
"下顎枝矢状分割術で用いる器具の写真(A)と矢印で示す使用中の術中写真(B)を示す。
この器具で回避できるのはどれか。2つ選べ。[119B71-ori]",下顎頭の脱臼,舌の知覚異常,下唇の運動障害,頰粘膜の知覚異常,オトガイ部の知覚異常,25,口腔外科学一般,https://drive.google.com/file/d/1oiBn_9C3xdZqetLpWfY68C2KbV2Q4N42/view?usp=drive_link
高齢者の栄養状態の評価に用いるのはどれか。3つ選べ。[119B72-ori],BMI,GLIM基準,MMSE,MNA,Saxonテスト,124,衛生学一般,https://drive.google.com/file/d/1ueAi8VzuM6Yv4cln-DN4boF8GY2uuchb/view?usp=drive_link
予防矯正はどれか。1つ選べ。[119B73-ori],上下顎乳前歯の咬頭干渉の除去,歯齢ⅡC期の開咬に対する筋機能療法の適用,顎間関係の不調和に対する外科的矯正治療の適用,歯齢ⅢA期の下顎前突に対するアクチバトールの装着,永久歯列期のリップバンパーを併用したマルチブラケット装置の装着,a,歯科矯正学一般,
介入研究はどれか。2つ選べ。[119B74-ori],新規局所麻酔薬の治験,生活歯の漂白処置後に実施した患者アンケート調査,角化歯肉幅とプロービング深さの関連に関する横断研究,ブリッジとインプラント補綴治療の予後の前向きコホート研究,オーバーデンチャーに使用する2種類のアタッチメントのクロスオーバー試験<逐次比較対照試験>,15,衛生学一般,https://drive.google.com/file/d/1X7pnLzR9dcau-4_AoxbPd1J6FynsEuEB/view?usp=drive_link
"9歳の男児。咀嚼時に上顎前歯口蓋側の歯肉が痛むことを主訴として来院した。 診断の結果、第一期治療として下顎乳臼歯は抜去せずに矯正歯科治療を行うことにした。初診時の顔貌写真(A)、口腔内写真(B)とエックス線画像(C)を示す。セファロ分析の結果を図に示す。
治療目標で正しいのはどれか。3つ選べ。[119B75-ori]",臼歯の挺出,下顎前歯の圧下,上顎犬歯の牽引,上下顎歯列正中線の一致,Angle I級の大臼歯関係の確立,124,歯科矯正学臨床実地,https://drive.google.com/file/d/1JgI24tWZRIusbCI5hRqRRm8DCHuKMw2r/view?usp=drive_link
"88歳の男性。食事に時間がかかることを主訴として来院した。上下顎全部床義歯は8年前に製作し、修理を繰り返しながら使用していたが、1か月前から食事に時間がかかるようになったという。口腔機能検査の結果を表に示す。初診時の義歯の写真(A、B)を示す。
適切な対応はどれか。2つ選べ。[119B76-ori]",義歯の製作,舌抵抗訓練,口唇閉鎖訓練,舌の清掃指導,唾液腺マッサージの指導,12,衛生学臨床実地,https://drive.google.com/file/d/1mEReMPR7peQtFWT-kMWFdHjcgdCmByJA/view?usp=drive_link
アフタ性口内炎に有効なのはどれか。2つ選べ。[119B77-ori],半夏瀉心湯,アシクロビル,デキサメタゾン,アムホテリシンB,アモキシシリン水和物,13,薬理学一般,https://drive.google.com/file/d/1nGfv-Q92QKiStZsAoFwnSRlgHH0mCm1L/view?usp=drive_link
矯正装置と上顎臼歯の移動様相との組合せで正しいのはどれか。2つ選べ。[119B78-ori],咬合斜面板　ー　挺出,リンガルアーチ　ー　近心移動,上顎前方牽引装置　ー　遠心移動,トランスパラタルアーチ　ー　回転,サービカルプルヘッドギア　ー　圧下,14,歯科矯正学一般,https://drive.google.com/file/d/1x_duqlF8t26ct5XaT81XwSUwex0aRl0u/view?usp=drive_link
"63歳の女性。左側上顎腫瘍切除後の咀嚼困難を主訴として来院した。左側上顎腫瘍切除後、顎欠損部は皮弁によって完全に閉鎖されている。診察の結果、開鼻声は認めず、ブローイング検査においても問題は認められなかった。再建術後の口腔内写真(A)、義歯製作過程の装置の写真(B)、装置試適前の顔貌写真(C)及び装置試適後の顔貌写真(D)を示す。
試適時に確認が必要なのはどれか。3つ選べ。[119B79-ori]",構音,流涎,咬合力,鼻漏出,人工歯排列位置,125,口腔外科学臨床実地,https://drive.google.com/file/d/1m_CJGhZqDfGhWYKx2Pgpj_OG_Qp3ozYB/view?usp=drive_link
拘束性肺疾患はどれか。2つ選べ。[119B80-ori],気胸,肺気腫,肺線維症,間質性肺炎,気管支喘息,34,歯科麻酔学一般,https://drive.google.com/file/d/1ijXWcJWhVyC2Ulz0P1kZFAa44PiwQOyW/view?usp=drive_link
"79歳の女性。上下顎の義歯紛失による咀嚼困難を主訴として来院した。義歯は12年前に製作したが、1週前に旅行先で紛失したという。診察の結果、補綴歯科治療を行うこととした。初診時の口腔内写真(A)と義歯非装着時の顔貌写真(B)を示す。
咬合高径決定の際に参考にするのはどれか。3つ選べ。[119B81-ori]",残存歯,下顎安静位,顔面の計測,タッピング運動,リップサポー卜,123,部分床義歯学臨床実地,https://drive.google.com/file/d/1Zndv_-AGnG8f4nWX_NO1y24tMT_pXzOh/view?usp=drive_link
離乳の開始時期で推奨されるのはどれか。1つ選べ。[119B82-ori],生後1〜2か月,生後3～4か月,生後5〜6か月,生後7～8か月,生後9 ～10か月,c,小児歯科学一般,
毎年実施するのはどれか。1つ選べ。[119B83-ori],患者調査,受療行動調査,医療施設静態調査,歯科疾患実態調査,国民健康・栄養調査,e,衛生学一般,
"56歳の男性。右側舌縁部の腫瘤を主訴として来院した。3か月前に気付いたが、 大きさに変化がないのでそのままにしていたという。右側舌縁に18×15 mm大、 無痛性で弾性軟の腫瘤を認めた。初診時の口腔内写真(A)、造影CT(B)および生検時のH-E染色病理組織像(C)を示す。
診断名はどれか。1つ選べ。[119B84-ori]",脂肪腫,線維腫,粘液腫,腺様嚢胞癌,リンパ管腫,a,口腔外科学臨床実地,https://drive.google.com/file/d/1zSAc7pks9Q93_UwkqB-IJxC_1BVipqLX/view?usp=drive_link
"14歳の女子。ブラッシング時の歯肉出血を主訴として来院した。2か月前から歯肉腫脹と全身倦怠感を自覚するようになり、最近ブラッシング時に出血がみられるようになったという。パノラマエックス線検査では異常所見はみられず、体温 37.2℃、脈拍82/分、血圧114/68 mmHgであった。初診時の口腔内写真を示す。血液検査の結果を表に示す。
考えられるのはどれか。1つ選べ。[119B85-ori]",天疱瘡,Osler 病,悪性貧血,類天疱瘡,顆粒球減少症,e,口腔外科学臨床実地,https://drive.google.com/file/d/1yNS4SxKvwAf7ibFQw4SOd0KZ14U8pcDv/view?usp=drive_link
口臭の官能検査を複数の検査者で行う理由で正しいのはどれか。1つ選べ。[119B86-ori],口臭の強さは日内変動が大きい。,検査者の嗅覚閾値には個人差がある。,口臭の原因物質には複数の種類がある。,生理的口臭と病的口臭では対応が異なる。,検査時にプライバシーへの配慮が必要である。,b,衛生学一般,
"研究用模型を製作するため印象材を練和している写真を示す。
印象材粉末の成分で硬化を遅延させるのはどれか。1つ選べ。[119B87-ori]",ケイソウ土,硫酸ナトリウム,アルギン酸カリウム,リン酸三ナトリウム,アルギン酸ナトリウム,d,歯科理工学一般,https://drive.google.com/file/d/1Aehg-e3PB8PhmWjDloqXA2WbbPbI3cTG/view?usp=drive_link
地域包括ケアシステムについて正しいのはどれか。2つ選べ。[119B88-ori],多職種が連携する。,介護は医療機関で完結する。,自立支援より入院加療を優先する。,二次医療圏単位でサービスを提供する。,住み慣れた地域での生活継続を重視する。,15,衛生学一般,https://drive.google.com/file/d/1LaDEwrlw3Sz2DZbb-rDlfMtStboqyK4d/view?usp=drive_link
食道粘膜の萎縮によって嚥下困難が生じるのはどれか。1つ選べ。[119B89-ori],Parkinson病,Down症候群,Marfan症候群,Gardner症候群,Ramsay Hunt 症候群,6,口腔外科学一般,
"全部床義歯製作における個人トレー試適から作業用模型のトリミングまでの手順を実施の順番に並べよ。
解答：個人トレー試適→①→②→③→④→➄→作業用模型のトリミング[119B90-ori]",印象採得,筋圧形成,ボクシング,模型材注入 ,接着材の塗布,25134,全部床義歯学一般,https://drive.google.com/file/d/1hFAaGwsh_a7SIkhBD7-uqAl9ealMN7ro/view?usp=drive_link
永久歯歯根吸収の原因となり得るのはどれか。1つ選べ。[119C1-ori],隣接する埋伏歯,歯肉の繊維性肥厚,隣在歯の骨性癒着,乳歯歯根の吸収不全,乳歯萌出方向の異常,a,歯内療法学必修,
トリプシン様プロテアーゼを産生するのはどれか。1つ選べ。[119C2-ori],Tannerella forsythia,Prevotella intermedia,Fusobacterium nucleatum,Corynebacterium matruchotii,Aggregatibacter actinomycetemcomitans,a,微生物学必修,
高齢者に認められるのはどれか。1つ選べ。[119C3-ori],体液量の増加,体脂肪率の増加,消化管運動の亢進,糸球体濾過量の増加,血清アルブミン濃度の増加,b,口腔外科学必修,
高齢者で低栄養状態を疑う体重減少はどれか。2つ選べ。[119C4-ori],1週間で0.5％,1か月で3％,3か月で7.5％,6か月で10％,1年で10％,34,衛生学必修,https://drive.google.com/file/d/1SzRGDtyF8Vl91iFwd7wZPV-XXD14hy_V/view?usp=drive_link
脳卒中による障害を改善する訓練が該当するのはどれか。1つ選べ。[119C5-ori],グリーフケア,バリアフリー,リハビリテーション,ハイリスクアプローチ,プライマリ・ヘルスケア,c,衛生学必修,
回復体位の目的はどれか。1つ選べ。[119C6-ori],血圧の回復,自発呼吸の再開,意識レベルの回復,上気道閉塞の防止,胃内容物の逆流防止,d,歯科麻酔学必修,
刺激なしで覚醒しているが、自分の名前や生年月日が言えない意識レベルはどれか。1つ選べ。[119C7-ori],JCS I-1,JCS I-2,JCS I-3,JCS Ⅱ-10,JCS Ⅱ-20,c,歯科麻酔学必修,
一時的止血法はどれか。1つ選べ。[119C8-ori],圧迫法,結紮法,焼灼法,捻転法,縫合法,a,口腔外科学必修,
下顎右側乳犬歯の早期喪失で生じるのはどれか。1つ選べ。[119C9-ori],鞍状歯列弓,下顎歯列正中の右方偏位,下顎右側側切歯の近心傾斜,後続永久歯萌出余地の拡大,下顎右側第一小臼歯の遠心傾斜,b,歯科矯正学必修,
薬物と副作用の組合せで正しいのはどれか。1つ選べ。[119C10-ori],ビタミンB₁₂製剤 　ー　味覚異常,抗ヘルペスウイルス薬　ー　顎骨壊死,ピリミジン代謝拮抗薬　ー　口腔粘膜炎,イミダゾール系抗真菌薬　ー　歯の変色,ニューキノロン系抗菌薬　ー　歯肉肥大,c,薬理学必修,
副交感神経活動の亢進によって起こるのはどれか。1つ選べ。[119C11-ori],瞳孔の散大,心拍数の増加,膵液分泌の促進,気管支平滑筋の弛緩,副腎髄質からのホルモン分泌の促進,c,生理学必修,
"口腔健康管理は、(　　　)、口腔衛生管理および口腔ケアで構成される。
(	)に入る語句はどれか。1つ選べ。[119C12-ori]",栄養管理,義歯管理,周術期管理,齲蝕予防管理,口腔機能管理,e,衛生学必修,
矯正歯科治療での歯の移動に影響を及ぼすのはどれか。1つ選べ。[119C13-ori],アセトアミノフェン,アンピシリン水和物,ジフェンヒドラミン塩酸塩,クロルフェニラミンマレイン酸塩,ロキソプロフェンナトリウム水和物,e,歯科矯正学必修,
歯科医師免許の取消しを規定するのはどれか。1つ選べ。[119C14-ori],刑法,医療法,健康保険法,歯科医師法,地域保健法,d,衛生学必修,
Gracey型キュレットについて正しいのはどれか。1つ選べ。[119C15-ori],刃部を両側に持つ。,研磨後の刃部は線状に光が反射する。,研磨後の刃部はテストスティック表面を滑る。,第1シャンクに対するフェイスの角度は70°である。,刃部の形態はトゥの先端を頂点とする二等辺三角形である。,d,歯周病学必修,
味細胞において、甘味物質が結合するのはどれか。1つ選べ。[119C16-ori],細胞内受容体,酵素共役型受容体,H⁺-Na⁺交換輸送体,Gタンパク質共役型受容体,イオンチャネル内蔵型受容体,d,生理学必修,
病診連携として病院が地域の診療所のかかりつけ歯科医師に依頼するのはどれか。1つ選べ。[119C17-ori],特定保健指導,周術期の口腔機能管理,感染制御チーム<ICT>の活動,3歳児歯科健康診査の結果に基づく歯科保健指導,介護予防事業における口腔機能の向上プログラムの実施,b,衛生学必修,
"頰粘膜腫瘤の摘出物のH-E染色病理組織像を示す。 
認められる所見はどれか。1つ選べ。[119C18-ori]",潰瘍,出血,石灰化,膿瘍形成,結合組織増生,e,病理学必修,https://drive.google.com/file/d/11X-OLQb4JdSlrjiSvV1VVlnUTGVDsM6I/view?usp=drive_link
口呼吸が原因で認められるのはどれか。1つ選べ。[119C19-ori],舌の圧痕,歯肉クレフト,フェストゥーン,アブフラクション,テンションリッジ,e,歯周病学必修,
BI <Barthel Index>で評価される日常生活動作はどれか。1つ選べ。[119C20-ori],買い物,着替え,食事の準備,家計簿の記録,電車での移動,b,衛生学必修,
"76歳の男性。飲水時のむせを主訴として来院した。反回神経麻痺の既往があるが、現在、通院治療はしていないという。日常の食事形態への配慮はないという。 栄養状態およびチェアサイドでのスクリーニングの結果を表に示す。嚥下内視鏡検査時の写真を示す。
直ちに行うべき対応はどれか。1つ選べ。[119C21-ori]",交互嚥下,舌抵抗訓練,食形態の変更,液体へのとろみ付与,舌接触補助床の製作,d,衛生学臨床実地,
"48歳の男性。上下顎前歯部の審美不良とブラッシング時の出血を主訴として来院した。1年前から自覚していたがそのままにしていたという。検査の結果、慢性歯周炎と診断し、歯周治療を開始することとした。患者は全身疾患の既往はないが、1日10本以上の喫煙者である。初診時の口腔内写真(A、B、C)と エックス線画像(D)を示す。歯周組織検査結果の一部を表に示す。
まず行うのはどれか。2つ選べ。[119C22-ori]",禁煙支援,咬合調整,抗菌薬の投与,口腔清掃指導,スケーリング,14,歯周病学臨床実地,https://drive.google.com/file/d/1X-PQ4o-uyJEf6Cgx7t3HHQ6N1FXRLwS7/view?usp=drive_link
"要介護高齢者の上顎右側犬歯歯頸部の口腔内写真を示す。齲蝕病巣に探針を挿入できるが、引き抜く際に抵抗があった。
適切な対応はどれか。2つ選べ。[119C23-ori]",経過観察,再石灰化療法,フッ化ジアンミン銀塗布,次亜塩素酸ナトリウム塗布,水酸化カルシウム製剤貼付,23,保存修復学一般,https://drive.google.com/file/d/1FAuin8BFy95tDxEWjAaOlhNMU_8HbuJE/view?usp=drive_link
左側下顎骨関節突起骨折で小骨片の脱臼を伴う場合にみられるのはどれか。2つ選べ。[119C24-ori],骨片呼吸,前歯部開咬,右側臼歯部早期接触,下顎正中の左側偏位,左側歯列の交叉咬合,45,口腔外科学一般,https://drive.google.com/file/d/1nH6iITts3kxEHNOZsP8TqslRPh0uNKuO/view?usp=drive_link
二態咬合を生じやすいのはどれか。2つ選べ。[119C25-ori],咬合挙上板,咬合斜面板,ヘッドギア,アクチバトール,リンガルアーチ,24,歯科矯正学一般,https://drive.google.com/file/d/1mjHmFgFa2AVTsWdzhUalPtiS4tGCzp1E/view?usp=drive_link
口内法エックス線撮影時に被曝を懸念して躊躇する患者への説明で正しいのはどれか。2つ選べ。[119C26-ori],「エックス線画像がないと治療は行えません」,「エックス線の照射範囲を絞って撮影します」,「防護エプロンをするので被曝はありません」,「通常よりエックス線の量を少なくして撮影します」,「エックス線画像から得られる情報で正確な診断が出来ます」,25,歯科放射線学一般,https://drive.google.com/file/d/1xOhVtnHmLTSiTAOvrkRpggiyLoR1nFIr/view?usp=drive_link
パルスオキシメータで正しいのはどれか。1つ選べ。[119C27-ori],貧血で低値を示す。,動脈血酸素分圧を測定する。,拍動がなくても測定できる。,血中の溶存酸素量を測定できる。,赤色光と赤外光の吸光度を測定する。,e,歯科麻酔学一般,
"70歳の男性。咀嚼困難を主訴として来院した。診察の結果、下顎右側臼歯部にインプラント義歯による治療を行うこととした。来院時の口腔内写真(A)と操作中の口腔内写真(B)を示す。
上部構造製作に必要なのはどれか。1つ選べ。[119C28-ori]",石膏,歯肉圧排糸,オープントレー,口腔内スキャナー,シリコーンゴム印象材,d,インプラント(補綴)臨床実地,https://drive.google.com/file/d/1KJMzl1TjNxx1tPBVJXmNv6dRja-ePuES/view?usp=drive_link
周術期の口腔健康管理の目的はどれか。2つ選べ。[119C29-ori],手術時間の短縮,術後肺炎の予防,ポリファーマシーの予防,気管挿管時の歯の損傷予防,服薬アドヒアランスの向上,24,衛生学一般,https://drive.google.com/file/d/15TvDT4kzVBZu2_YOXxqtLd5kAvnVRuUJ/view?usp=drive_link
"63歳の男性。上顎左側大臼歯の補綴装置の脱離を主訴として来院した。レジン前装冠と支台築造体が一塊として脱離していた。診察と検査の結果、支台築造体のポストは短いが、根管充填と根尖部周囲組織に異常を認めない。根管形成を行い、直接法による支台築造を行うこととした。初診時の口腔内写真(A)、使用する材料の写真(B)及び使用する器具の写真(C)を示す。
操作に用いるのはどれか。3つ選べ。[119C30-ori]",ア,イ,ウ,エ,オ,234,冠橋義歯学臨床実地,https://drive.google.com/file/d/1b2UphShU_X221nlJLlG9YxXROaPUande/view?usp=drive_link
歯周外科治療の中で組織付着療法はどれか。2つ選べ。[119C31-ori],GTR法,歯肉切除術,フラップ手術,歯周ポケット掻爬術,歯肉弁根尖側移動術,34,歯周病学一般,https://drive.google.com/file/d/1BOVuTIlEpgpjJzQJbtUu4QU8bkvyI3t_/view?usp=drive_link
予防接種で生ワクチンを用いるのはどれか。2つ選べ。[119C32-ori],結核,狂犬病,破傷風,日本脳炎,流行性耳下腺炎,15,衛生学一般,https://drive.google.com/file/d/13lPa12em9_jn1dE0FwYX8xu5tV5rY41Q/view?usp=drive_link
"28歳の女性。矯正歯科治療後の下顎左側中切歯の歯肉退縮を主訴として来院した。当該歯の露出根面は唇側中央部で4mmであった。プローピング深さは全顎的に3mm以下であった。術前の口腔内写真(A)とエックス線画像(B)を示す。
歯周形成手術を実施する際に考慮すべき事項はどれか。3つ選べ。[119C33-ori]",歯槽骨の高さ,付着歯肉の幅,知覚過敏の有無,O'LearyのPCR,歯周ポケット内の細菌叢,124,歯周病学臨床実地,https://drive.google.com/file/d/1eYFZ3jqfGSxI1kfnpFB4b_283ARMIlGf/view?usp=drive_link
"35歳の男性。下顎右側第一大臼歯のメタルインレー脱離による審美不良を主訴として来院した。痛みがないためそのままにしていたという。打診痛はなく、歯髄電気診で生活反応を示した。診察の結果、セラミックインレー修復を行うこととした。初診時の口腔内写真(A)とエックス線画像(B)を示す。
窩洞形成を行うにあたって考慮すべき事項はどれか。2つ選べ。[119C34-ori]",窩縁斜面の付与,線角部の曲面化,補助的保持形態の付与,歯肉縁上の歯肉側窩縁の設置,インレー体への十分な厚みの付与,25,保存修復学臨床実地,https://drive.google.com/file/d/1Kvhfi3-sUH-q_uR0OQEm17ZmQTHaO1oE/view?usp=drive_link
"65歳の女性。下顎右側第一大臼歯の咀嚼時痛を主訴として来院した。5年前に治療を受け症状もなく経過していたが、1週前から咬合時に痛みがあるという。診察の結果、再根管治療を行うこととした。初診時のエックス線画像(A)と根管上部の根管充填材除去後の口腔内写真(B)を示す。
続いて行う近心根管の処置で留意するのはどれか。3つ選べ。[119C35-ori]",髄管の存在,根管の作業長,フィンの存在,分岐根管の有無,根管イスムスの存在,245,歯内療法学臨床実地,https://drive.google.com/file/d/1wwxgYVRX4himKS9vx4R6ZQBBNzoWxNwH/view?usp=drive_link
"62歳の男性。右側顔面の皮疹を主訴として来院した。5日前から右側顔面の掻痒感と違和感を自覚していたが、皮疹の出現とともに疼痛も強くなってきたという。初診時の顔貌写真(A、B)と口腔内写真(C)を示す。
急性期治療後に説明が必要なのはどれか。1つ選べ。[119C36-ori]",下唇の運動障害,終生免疫の獲得,抗体価の定期的測定,神経障害性疼痛の出現,第Ⅷ脳神経症状の出現,d,口腔外科学臨床実地,https://drive.google.com/file/d/1vcfQ-NtkyH_ScGbnyn5apGvKBICINJOC/view?usp=drive_link
症候群と口腔所見の組合せで正しいのはどれか。2つ選べ。[119C37-ori],Down症候群　ー　矮小歯,Marfan症候群　ー　巨舌,Turner症候群　ー　歯の萌出遅延,Papillon-Lefèvre症候群　ー　高口蓋,Treacher Collins症候群　ー　小顎症,15,口腔外科学一般,https://drive.google.com/file/d/1MO8opN8ps2o_GS8H35GC9nYsJM0anvJW/view?usp=drive_link
"矯正装置を装着し、管理中の口腔内写真を示す。
この装置の使用で減少するのはどれか。2つ選べ。[119C38-ori]",IMPA,顔面角,オーバーバイト,オーバージェット,下顎の歯槽基底弓長径,34,歯科矯正学一般,https://drive.google.com/file/d/1xTufGlUarbSH_uLf-AitUaQ4lHAT-QSh/view?usp=drive_link
治療に用いる放射線で、ブラッグピークを形成するのはどれか。2つ選べ。[119C39-ori],電子線,陽子線,ガンマ線,重粒子線,エックス線,24,歯科放射線学一般,https://drive.google.com/file/d/1-4XoUmzMGRnujTcPa8XS7BgvMSku79Jm/view?usp=drive_link
"Eichner分類C2症例の義歯装着者が定期検診のため来院した。咬合状態と義歯床粘膜面の適合状態には問題を認めなかったが、Saxonテスト(基準値：2g以上/2分)を実施した結果、1.5gであった。
Saxonテストの結果から高くなっていると考えられるのはどれか。2つ選べ。[119C40-ori]",味覚閾値,食塊形成能,義歯の維持力,齲蝕の発生確率,口腔粘膜湿潤度,14,衛生学一般,https://drive.google.com/file/d/1h0tGxnnKdunqS3t2mKgUm32VP3V4DdC0/view?usp=drive_link
7歳児における上顎乳中切歯外傷の受傷様式と対応の組合せで正しいのはどれか。1つ選べ。[119C41-ori],陥入　ー　整復固定,振盪　ー　抜歯,亜脱臼　ー　経過観察,完全脱臼　ー　再植,歯根破折　ー　歯内治療,c,小児歯科学一般,
唾液腺の腺房細胞に発現するα₁アドレナリン受容体の活性化によって増加するのはどれか。2つ選べ。[119C42-ori],一酸化窒素〈NO〉,サイクリックAMP〈cAMP〉,サイクリックGMP〈cGMP〉,ジアシルグリセロール〈DG〉,"イノシトール1,4,5-三リン酸〈IP₃〉",45,生理学一般,https://drive.google.com/file/d/17pTZ72q27z0gqq_EGIjU4pg341mGwiiu/view?usp=drive_link
"マルチブラケット装置にアーチワイヤーを装着した口腔内写真を示す。
装着しているワイヤーの特徴として正しいのはどれか。1つ選べ。[119C43-ori]",非晶質である。,溶接が可能である。,高い弾性回復をもつ。,熱処理硬化性を有する。,負荷によりオーステナイト相を生じる。,c,歯科矯正学一般,https://drive.google.com/file/d/1UW7tqiosOYI1aAdDzKw143EUOageZCpj/view?usp=drive_link
"77歳の女性。閉口不能を主訴として来院した。5年前に脳梗塞を発症し、以来介護施設に入所している。6か月前から閉口が困難となり、摂食量が減少し、会話も少なくなっていたという。初診時のエックス線画像を示す。
適切な治療法はどれか。1つ選べ。[119C44-ori]",スプリント療法,顎関節開放手術,関節鏡視下授動術,関節腔内洗浄療法,パンピングマニピュレーション,b,口腔外科学臨床実地,https://drive.google.com/file/d/1oX8HG0_aSoik9xNT0fHCP6g0UQya1zow/view?usp=drive_link
"ある操作を実施中の口腔内写真(A)と使用器具の写真(B)を示す。
この操作で使用する器具はどれか。1つ選べ。[119C45-ori]",ア,イ,ウ,エ,オ,c,冠橋義歯学一般,https://drive.google.com/file/d/1_7oj5cOpqyCFtibxK0p4WBHgNaYs8cz5/view?usp=drive_link
"8歳の男児。上顎両側中切歯の萌出遅延を主訴として来院した。歯の外傷の既往はないという。上顎埋伏過剰歯を抜去することとした。初診時の口腔内写真(A)、エックス線画像(B)及び歯科用コーンビームCT(C)を示す。抜歯手順と用いる器具を示す。 
③に入る器具はどれか。1つ選べ。

局所麻酔(注射器)→①→②→③→④→⑤→縫合(持針器) [119C46-ori]",鋭匙,挺子,メス,骨膜剥離子,回転切削器具,e,口腔外科学臨床実地,https://drive.google.com/file/d/132Dl7osSivyLtFtAI2ZEwDz0sg-6LSfi/view?usp=drive_link
"55歳の男性。下顎右側第一大臼歯が痛むことを主訴として来院した。1週前に歯が欠け、一過性の疼痛を自覚していたが、昨日から痛みが増大しているという。自発痛、打診痛および持続性の冷温水痛が認められる。初診時の口腔内写真(A)とエックス線画像(B)を示す。
感染象牙質の除去後にまず行うのはどれか。1つ選べ。[119C47-ori]",隔壁形成,天蓋除去,根管口開示,覆髄材の貼薬,ケミカルサージェリー,a,歯内療法学臨床実地,https://drive.google.com/file/d/1yTe2C7TMX_2badvLzmeISqRd_zRMtmNu/view?usp=drive_link
"顔面部のMRIを示す。
顎関節症Ⅰ型の治療としてストレッチの対象となるのはどれか。3つ選べ。[119C48-ori]",ア,イ,ウ,エ,オ,345,口腔外科学一般,https://drive.google.com/file/d/1kv23Hbo6Pznh5tr3osGmhyuCmVu0moX1/view?usp=drive_link
尿ケトン体が陽性で疑われるのはどれか。2つ選べ。[119C49-ori],肝硬変,糖尿病,尿路感染症,栄養飢餓状態,甲状腺機能低下症,24,歯科麻酔学一般,https://drive.google.com/file/d/1QH60SOgfQzlwR-bC6VlNcKelnWVCDGXA/view?usp=drive_link
"疾患とその原因となりうる環境汚染物質の組合せで正しいのはどれか。
2つ選べ。[119C50-ori]",胃潰瘍　ー　カドミウム,運動失調　ー　窒素酸化物,気管支炎　ー　亜硫酸ガス,骨軟化症　ー　メチル水銀,悪性胸膜中皮腫　ー　アスベスト,35,衛生学一般,https://drive.google.com/file/d/10Bd7xWYAK4vSFWCSWYfCvMSgzA9ep6SR/view?usp=drive_link
高齢者の歯内療法で留意するのはどれか。3つ選べ。[119C51-ori],根管口部の狭窄,象牙質粒の存在,根管彎曲度の減少,天蓋と髄床底の接近,生理学的根尖孔の開大,124,歯内療法学一般,https://drive.google.com/file/d/1_BeL62AoHHAKub0ePUqM62pC4UJok9m_/view?usp=drive_link
顎関節の関節円板の検査に用いるのはどれか。2つ選べ。[119C52-ori],MRI,筋電図,聴診音,パラトグラム,パノラマエックス線画像,13,口腔外科学一般,https://drive.google.com/file/d/1QoGsQa1nTV2mo38CE87LU_SgnpAZ081z/view?usp=drive_link
慢性化膿性根尖性歯周炎でみられるのはどれか。2つ選べ。[119C53-ori],咬合痛,自発痛,冷水痛,根尖部圧痛,羊皮紙様感,14,歯内療法学一般,https://drive.google.com/file/d/1FIuInGdWphbs2yfdRGUCFoiVfvze8kAq/view?usp=drive_link
悪性リンパ腫の発症に関与する唾液腺疾患はどれか。1つ選べ。[119C54-ori],粘液嚢胞,Sjögren症候群,巨細胞封入体症,流行性耳下腺炎,壊死性唾液腺化生,b,病理学一般,
口腔乾燥症の原因となる薬物とその適応疾患の組合せで正しいのはどれか。2つ選べ。[119C55-ori],ニカルジピン塩酸塩　ー　本態性高血圧症,アトロピン硫酸塩水和物　ー　2型糖尿病,クロルプロマジン塩酸塩　ー　帯状疱疹,ジフェンヒドラミン塩酸塩　ー　脂質異常症,フェキソフェナジン塩酸塩　ー　アレルギー性鼻炎,15,薬理学一般,https://drive.google.com/file/d/1C06Y-5CNgdyMJU_0Gr6UfRCCxxMPgDjK/view?usp=drive_link
年齢と齲蝕予防の組合せで適切なのはどれか。2つ選べ。[119C56-ori],3か月　ー　ガーゼによる清拭,1歳　ー　小窩裂溝塡塞,2歳　ー　フッ化物洗口,3歳　ー　ブラッシング指導,4歳　ー　歯磨剤の使用,45,衛生学一般,https://drive.google.com/file/d/1I3W1M2Psfvmo3TjueUn8LfkUsbzQfguX/view?usp=drive_link
"76歳の男性。咀嚼困難を主訴として来院した。2年前に下顎区域切除術とプレートによる再建術を受けたが、1年前に感染によってプレートを除去し、その後、次第に咬合が不安定になったという。診察の結果、上顎へ補綴装置を製作することとした。術直後のエックス線画像(A)と来院時の口腔内写真(B)を示す。
装置の製作に際して考慮すべきことはどれか。2つ選べ。[119C57-ori]",習慣性咀嚼側は右側とする。,顔貌の対称性の回復を目指す。,偏位した位置で咬合採得を行う。,下顎位の健側への偏位を防止する。,装置には下顎歯列の圧痕を付与する。,35,全部床義歯学臨床実地,https://drive.google.com/file/d/1qePnjNL_iCnerhoyApLDXSB1XN2b_dG3/view?usp=drive_link
顔面神経に支配されるのはどれか。1つ選べ。[119C58-ori],鼓膜張筋,茎突咽頭筋,茎突舌骨筋,口蓋帆張筋,顎二腹筋前腹,c,解剖組織学一般,
"24歳の男性。上顎前歯部の審美不良を主訴として来院した。診察の結果、上顎右側中切歯にクラウンを製作することとした。支台歯形成後(A)とコーピング試適時の口腔内写真(B)を示す。
この後に行うのはどれか。2つ選べ。[119C59-ori]",グレージング,CAMによる加工,コーピングの焼成,歯冠色陶材の築盛,ディギャッシング,14,冠橋義歯学臨床実地,https://drive.google.com/file/d/1yDFij2HCSUJx_F7E5_1ZeJ6UvjEpnxRR/view?usp=drive_link
"固定性ブリッジ製作中の口腔内写真を示す。
適切なポンティック基底面形態はどれか。2つ選べ。[119C60-ori]",鞍状型,船底型,偏側型,離底型,リッジラップ型,35,冠橋義歯学一般,https://drive.google.com/file/d/1GHj2Iww4bDRcnuDxAKzT8Z1x4ml1R115/view?usp=drive_link
"28歳の女性。上顎前歯部の審美不良を主訴として来院した。診察の結果、コンポジットレジン修復を行うこととした。初診時の口腔内写真を示す。
形態回復で留意するのはどれか。3つ選べ。[119C61-ori]",隅角徴,歯冠豊隆,辺縁封鎖性,歯間鼓形空隙,頬側寄り1/3での接触点,124,保存修復学臨床実地,https://drive.google.com/file/d/1maZ7cWFsG1wYyfeCRpwt4VMOyJWUHgGK/view?usp=drive_link
"39歳の女性。かかりつけ歯科医で指摘された下顎左側臼歯部のエックス線不透過像の精査を希望して来院した。自覚症状はなく、腫脹も認めない。初診時のエックス線画像(A)と歯科用コーンビームCT(B)を示す。
疑われるのはどれか。1つ選べ。[119C62-ori]",歯牙腫,硬化性骨炎,線維性異形成症,化膿性下顎骨骨髄炎,セメント質骨性異形成症,e,口腔外科学臨床実地,https://drive.google.com/file/d/1P-YwJ2dw8LinyzJVf2xzS1h1uepC7uFl/view?usp=drive_link
"嚥下障害を訴える舌腫瘍術後の患者に装着した装置を示す。
この装置を用いて行われるのはどれか。1つ選べ。[119C63-ori]",経済的アプローチ,心理的アプローチ,代償的アプローチ,治療的アプローチ,環境改善アプローチ,c,部分床義歯学一般,https://drive.google.com/file/d/1ux66cc2KK_Rz8oQOup3m9nyG7GijTdDs/view?usp=drive_link
"86歳の男性。上顎右側臼歯部の疼痛を主訴として来院した。2か月前に自覚し、徐々に増悪してきたという。心房細動、2型糖尿病、慢性腎臓病の既往があり、直接トロンビン阻害薬とスルホニル尿素薬を服用している。診察の結果、上顎右側第二小臼歯の抜去を行うこととした。初診時のエックス線画像を示す。医科への対診による血液検査の結果を表に示す。
抜歯時の適切な対応はどれか。2つ選べ。[119C64-ori]",血小板の補充,PT-INRの測定,当日の食事摂取状況の確認,アモキシシリン水和物の減量投与,酸性非ステロイド性抗炎症薬の投与,34,口腔外科学臨床実地,https://drive.google.com/file/d/1VeSDDdw409XH5epyVM8gHR8crvLPWFpV/view?usp=drive_link
"歯科疾患実態調査の結果におけるある項目の推移を図に示す。
この項目に該当するのはどれか。1つ選べ。[119C65-ori]",齲歯の無い者の割合,ブリッジ装着者の割合,歯肉出血を有する者の割合,20本以上の歯を有する者の割合,4mm以上の歯周ポケットを有する者の割合,d,衛生学一般,https://drive.google.com/file/d/1MqR9lRFVn0i9Um4hJHWJs-gKIKEHdDS7/view?usp=drive_link
口腔粘膜疾患とその原因の組合せで正しいのはどれか。2つ選べ。[119C66-ori],黒毛舌　ー　遺伝子変異,天疱瘡　ー　自己抗体産生,手足口病　ー　ウイルス感染,口腔カンジダ症　ー　細菌感染,壊死性潰瘍性口内炎　ー　物理的刺激,23,病理学一般,https://drive.google.com/file/d/16f8teqhTGyWcHkIC5PfU3K-BS1SjPBO_/view?usp=drive_link
"59歳の男性。かかりつけ歯科医で指摘された下顎左側のエックス線異常像の精査を希望して来院した。3年前に初めて左側顎下部の腫脹と疼痛を自覚して、その後も時々繰り返しているという。初診時のエックス線画像(A、B)、骨表示CT横断像(C)及び軟組織表示CT横断像(D)を示す。
画像から得られる所見はどれか。2つ選べ。[119C67-ori]",骨折,骨膜反応,唾液の停滞,咽頭腔の偏位,異所性石灰化物,35,歯科放射線学臨床実地,https://drive.google.com/file/d/10-pxxjt7WqkPrxJkKfSggkb6xgwAu8yo/view?usp=drive_link
"9歳の女児。近医で下顎右側第一大臼歯の位置異常を指摘され来院した。診断の結果、⑥⏋の遠心移動を行うこととした。初診時の口腔内写真(A)とエックス線画像(B)を示す。
⑥⏋遠心移動後の対応はどれか。1つ選べ。[119C68-ori]",E D⏋抜去後、保隙,D⏋抜去後、E⏋牽引,D⏋抜去後、経過観察,E D⏋抜去後、経過観察,D⏋近心移動後、E⏋抜去,a,小児歯科学臨床実地,https://drive.google.com/file/d/1BtJIZe9MS2eb6UZgScHx_9gGKecq-v06/view?usp=drive_link
"水平位で歯科治療を終えた患者が立ち上がった際に、立ちくらみを起こした。
原因はどれか。1つ選べ。[119C69-ori]",筋収縮力の低下,静脈還流量の減少,体液の浸透圧の低下,動脈血酸素飽和度の低下,前庭器官の内リンパ液の増加,b,生理学一般,
"左側顎部郭清術後、経口摂取を開始したところ、ドレーン内容液の白濁を認めた。胸管からの漏出液と診断した。ドレーン内容液の写真を示す。
白濁を呈する主な成分はどれか。1つ選べ。[119C70-ori]",脂質,無機質,炭水化物,ビタミン,タンパク質,a,口腔外科学一般,https://drive.google.com/file/d/1W-FRbWyIqL3u4bj100lF64nrOF0Rx9aA/view?usp=drive_link
"ブラケットの写真を示す。
咬頭頂からの距離を測る基準線はどれか。1つ選べ。[119C71-ori]",ア,イ,ウ,エ,オ,b,歯科矯正学一般,https://drive.google.com/file/d/15bTci_Drlyfilo2FkOkVYqtVzypVKHND/view?usp=drive_link
"接着性モノマーと被着体との結合様式を模式図に示す。このモノマーは、加水分解後、脱水縮合で結合している。
該当するのはどれか。1つ選べ。[119C72-ori]",MDP,MMA,γ-MPTS,Bis-GMA,VBATDT,c,歯科理工学一般,https://drive.google.com/file/d/1BNRQ0MFA_28sPlTGLb4RzlKEKG3hmMPW/view?usp=drive_link
施設とその根拠法の組合せで正しいのはどれか。2つ選べ。[119C73-ori],保育所　ー　母子保健法,特別支援学校　ー　学校教育法,介護老人福祉施設　ー　介護保険法,口腔保健支援センター　ー　地域保健法,周産期母子医療センター　ー　児童福祉法,23,衛生学一般,https://drive.google.com/file/d/1XLY8xS2WtDuCXU495ooBe9xdJvbgGo9U/view?usp=drive_link
口臭の予防を目的として洗口剤に配合されるのはどれか。1つ選べ。[119C74-ori],塩化亜鉛,エタノール,ソルビトール,ポリエチレングリコール,モノフルオロリン酸ナトリウム,a,衛生学一般,
"6歳の男児。前歯の歯並びが悪いことを主訴として来院した。口腔外科での手術の既往がある。初診時の顔面写真(A)、口腔内写真(B)、エックス線画像(C)及び歯科用コーンビームCT(D)を示す。セファロ分析の結果を図に示す。
適切な矯正装置はどれか。1つ選べ。[119C75-ori]",急速拡大装置,チンキャップ,アクチバトール,上顎顎外固定装置,上顎前方牽引装置,e,歯科矯正学臨床実地,
乳歯のコンポジットレジン冠修復で用いるのはどれか。2つ選べ。[119C76-ori],Tバンド,ウェッジ,金冠バサミ,クラウンフォーム,ポリエステル製マトリックス,34,小児歯科学一般,https://drive.google.com/file/d/1RDSRXSvDOXm-i2F-nRv9jiMkG9ZgMbT6/view?usp=drive_link
内側性暫間固定はどれか。1つ選べ。[119C77-ori],連続レジン冠固定,ワイヤーレジン固定,オクルーザルスプリント,ワイヤー結紮レジン固定,エナメルボンディングレジン固定,b,口腔外科学一般,
陶材焼付用金合金と金属焼付用陶材との比較で、陶材が大きな値となるのはどれか。2つ選べ。[119C78-ori],硬さ,密度,弾性係数,引張強さ,熱膨張係数,13,歯科理工学一般,https://drive.google.com/file/d/1ZGWI5psO7gpJt8RPsOdCDUmvYB85EqFn/view?usp=drive_link
"67歳の女性。上顎前歯の審美不良を主訴として来院した。下顎には⑦⑥⑤④⏋に部分床義歯が装着されていた。診察の結果、⑤４③２①⏊①２③４⑤⑥にブリッジを製作することとした。プロビジョナルブリッジ装着時の口腔内写真(A)、製作した作業用模型とインターオクルーザルレコードの写真(B)及び製作したフレームワークの写真(C)を示す。
この後に行う操作のうち、3番目に行うのはどれか。1つ選べ。[119C79-ori]",歯冠形態の修正,アルミナサンドブラスト処理,オペークレジンの塗布と重合,金属接着性プライマーの塗布,デンティン色レジンの築盛と重合,c,冠橋義歯学臨床実地,https://drive.google.com/file/d/1Jk5NHegwPj-YWU1-OGNuTTvZ42R7NTrr/view?usp=drive_link
セツキシマブの標的分子はどれか。1つ選べ。[119C80-ori],CD20,EGFR,HER2,PD-1,VEGF,b,薬理学一般,
"ブラッシング指導に用いる補助ツールを示す。
このツールによってブラッシング指導の効果が期待される疾患はどれか。1つ選べ。[119C81-ori]",脳性麻痺,統合失調症,Parkinson病,Alzheimer病,自閉スペクトラム症,e,衛生学一般,https://drive.google.com/file/d/10yFSbXLROa8qmHZ8UWRu57HLY3QtDslN/view?usp=drive_link
歯髄保存療法と使用する材料・医薬品の組合せで正しいのはどれか。2つ選べ。[119C82-ori],間接覆髄法　ー　MTAセメント,生活断髄法　ー　水酸化カルシウム製剤,直接覆髄法　ー　タンニン・フッ化物合剤配合 ポリカルボキシレートセメント,暫間的間接覆髄法　ー　テトラサイクリン塩酸塩,歯髄鎮痛消炎療法　ー　酸化亜鉛ユージノールセメント,25,歯内療法学一般,https://drive.google.com/file/d/1-6YisAKbB0IJYnvsgRLb_g-J96irXYSS/view?usp=drive_link
"9歳の女児。上顎右側側切歯の形態異常を主訴として来院した。歯髄電気診で生活反応を示し、盲孔にリーマーを挿入しても疼痛はない。初診時の口腔内写真(A)とリーマー挿入時のエックス線画像(B)を示す。
2⏌への適切な対応はどれか。1つ選べ。[119C83-ori]",抜髄,経過観察,生活断髄,予防塡塞,感染根管治療,d,小児歯科学臨床実地,https://drive.google.com/file/d/1RGErcbaJTgqb9htbns-XGi10fwR2UZ_3/view?usp=drive_link
皮膚付属器を含むのはどれか。2つ選べ。[119C84-ori],歯肉囊胞,類皮囊胞,Koplik斑,Fordyce斑,歯原性角化囊胞,24,病理学一般,https://drive.google.com/file/d/1cyHSKNXSIWuhhs9ChsCbDsoyUNp8T-F4/view?usp=drive_link
"ある装置の写真を示す。模型台の傾斜板に研究用模型を装着後、部分床義歯の支台歯を検査することとした。
次に示す5つの操作のうち、3番目に行うのはどれか。1つ選べ。[119C85-ori]",鉤尖位置の記入,義歯着脱方向の決定,サベイラインの記入,アンダーカット量の測定,模型台の傾斜板の位置固定,c,部分床義歯学一般,https://drive.google.com/file/d/1s5sD8wlC1oqBR5dDguJJCTfQXlgA_M9k/view?usp=drive_link
象牙質知覚過敏症の診断に有効なのはどれか。2つ選べ。[119C86-ori],触診,温度診,透照診,レーザー蛍光強度測定,光干渉断層画像診断法〈OCT法〉,12,保存修復学一般,https://drive.google.com/file/d/1e5tXPjNUxG-3m6DaGB_Z_AZiwh2rkrDC/view?usp=drive_link
"18歳の女子。食べ物が咬みにくいことを主訴として来院した。幼少時から遺伝疾患を指摘されているという。知的障害があり、四肢に異常は認めない。初診時の口腔内写真(A)、パノラマエックス線画像(B)及びセファログラム(C)を示す。
疑われるのはどれか。1つ選べ。[119C87-ori]",Marfan症候群,Turner症候群,Crouzon症候群,鎖骨頭蓋骨異形成症,第一第二鰓弓症候群,c,口腔外科学臨床実地,https://drive.google.com/file/d/1HzQS3WMl12a1stbQOUXF-EB45Bwyu2b_/view?usp=drive_link
"20歳の女性。上顎前歯の前突を主訴として来院した。検査の結果、歯性上顎前突と診断した。Total discrepancyを算出した結果、上顎両側第一小臼歯、下顎両側第二小臼歯の抜去と上顎に最大の固定を設定することとし、装置を製作した。製作した装置(A)と製作手順(B)を示す。
製作手順を実施の順番に並べよ。
解答：①→②→③→④→⑤[119C88-ori]",ア,イ,ウ,エ,オ,34152,歯科矯正学臨床実地,https://drive.google.com/file/d/1l0fwMyHyla2p4YyFGCvGjYMAZafv2y7N/view?usp=drive_link
"83歳の女性。上下顎義歯の動揺と咀嚼時の疼痛を主訴として来院した。診察の結果、義歯を製作することとした。咬合床の写真(A)と義歯の治療過程の写真(B)を示す。
治療過程を実施の順番に並べよ。
解答：咬合床の製作→①→②→③→④→⑤→咬合器装着[119C89-ori]",ア,イ,ウ,エ,オ,53241,部分床義歯学臨床実地,https://drive.google.com/file/d/1VlD1pZ4LfVPgm7Jd0mACMcpNj4LCAqEw/view?usp=drive_link
"側面頭部エックス線規格画像と上下顎切歯歯軸の値を示す。ヘッドプレートコレクションの値を求めよ。
ただし、FMIAの基準値は57度とする。なお、小数点以下第2位を四捨五入すること。
解答：-①.②mm[119C90-ori]",,,,,,2,歯科矯正学一般,https://drive.google.com/file/d/1LGpGHuAL1aowb_53ga0fltY39OU9pnmT/view?usp=drive_link
習慣性口呼吸を伴う小児でみられるのはどれか。2つ選べ。[119D1-ori］,低位舌,鼻唇角の開大,上顎歯列弓の開大,下顎骨の後下方回転,下顎切歯の舌側傾斜,14,歯科矯正学必修,https://drive.google.com/file/d/1kB5u0PLfNrRrbj8KSVcazyKypZA3PLYQ/view?usp=drive_link
アドレナリン含有2%リドカイン塩酸塩によって症状が悪化するのはどれか。1つ選べ。[119D2-ori],緑内障,気管支喘息,消化性潰瘍,鉄欠乏性貧血,甲状腺機能亢進症,e,歯科麻酔学必修,
全身状態評価と検査項目との組合せで正しいのはどれか。1つ選べ。[119D3-ori],肝機能　―　クレアチニンクリアランス〈CCr〉,心機能　―　脳性ナトリウム利尿ペプチド〈BNP〉,腎機能　―　遊離サイロキシン〈FT₄〉,耐糖能　―　PT-INR,血液凝固能　―　ASO,b,生理学必修,
内分泌器官とその機能低下によって生じる疾患の組合せで正しいのはどれか。1つ選べ。[119D4-ori],下垂体　―　Cushing病,甲状腺　―　Basedow病,副甲状腺　―　クレチン病,副腎皮質　―　Addison病,副腎髄質　―　褐色細胞腫,d,病理学必修,
医療法に定める地域医療支援病院について正しいのはどれか。1つ選べ。[119D5-ori],救急医療を提供する。,厚生労働大臣が承認する。,高度の医療技術を開発する。,特定臨床研究に関する研修を行う。,三次医療圏を単位として整備を行う。,a,衛生学必修,
"上顎左側前歯部の口内法エックス線画像を示す。
矢印で示すのはどれか。1つ選べ。[119D6-ori]",鼻腔,上顎洞,切歯管,前鼻棘,鼻涙管,c,歯科放射線学必修,https://drive.google.com/file/d/1vFHDF2YIBpoQaCzhOJgSVu0QvdfZomZt/view?usp=drive_link
歯交代現象によって生じるのはどれか。1つ選べ。[119D7-ori],腸結核,偽膜性腸炎,クローン病,潰瘍性大腸炎,急性感染性胃腸炎,b,病理学必修,
"(　　 )provides volumetric data that can be reformatted to display multi-dimensional images with ionizing radiation. 
( 　　)に入るのはどれか。1つ選べ。[119D8-ori]",Ultrasonography,Panoramic radiography,Intra-oral radiography,Magnetic resonance imaging,Cone beam computed tomography,e,歯科放射線学必修,
Hellmanの歯齢で顎間空隙がみられるのはどれか。1つ選べ。[119D9-ori],IA期,IC期,IIA期,IIC期,IIIA期,a,小児歯科学必修,
システマティックレビューについて正しいのはどれか。1つ選べ。[119D10-ori],観察研究は対象外である。,診療ガイドラインに使用される。,論文を無作為抽出して評価する。,倫理審査委員会の事前承認が必須である。,国際的な品質マネジメントシステムの基準である。,b,衛生学必修,
リボソームRNAが合成されるのはどれか。1つ選べ。[119D11-ori],核小体,小胞体,ゴルジ装置,リソソーム,ミトコンドリア,a,生化学必修,
嚥下時に食道入口部を開大させる動作はどれか。1つ選べ。[119D12-ori],口唇閉鎖,喉頭の挙上,鼻咽腔閉鎖,舌尖と口蓋の接触,上咽頭収縮筋の収縮,b,生理学必修,
待機的診断法が適応となるのはどれか。1つ選べ。[119D13-ori],上行性歯髄炎,急性化膿性歯髄炎,急性単純性歯髄炎,慢性潰瘍性歯髄炎,慢性増殖性歯髄炎,c,歯内療法学必修,
Eichnerの分類C3症例における顔貌の特徴はどれか。1つ選べ。[119D14-ori],浅い鼻唇溝,口角の下垂,口唇の突出,赤唇の肥厚,人中の明瞭化,b,部分床義歯学必修,
ヘルスプロモーションの活動で最も重視されるのはどれか。1つ選べ。[119D15-ori],医薬品の備蓄,専門医の養成,病診連携の推進,検診による疾患の早期発見,健康教育による行動変容の支援,e,衛生学必修,
標準予防策〈standard precaution〉に基づく院内感染の予防で適切なのはどれか。1つ選べ。[119D16-ori],滅菌手袋の着用,歯周プローブの滅菌,HEPAフィルターによる排気,陰圧個室における患者の管理,患者の集団隔離(コホーティング),b,衛生学必修,
回転切削工具の直径(mm)と回転速度(rpm)の組合せで周速が最も大きいのはどれか。1つ選べ。[119D17-ori],"1　―　15,000","2　―　10,000","4　―　8,000","5　―　6,000","6　―　4,000",c,歯科理工学必修,
球麻痺患者にみられる摂食嚥下障害の特徴はどれか。1つ選べ。[119D18-ori],舌の不随意運動,嚥下反射誘発の遅延,患側の舌の知覚過敏,食道入口部の閉鎖不全,舌骨上筋群の緊張亢進,b,口腔外科学必修,
HBVの不活化に有用な消毒薬はどれか。1つ選べ。[119D19-ori],イソプロパノール,消毒用エタノール,次亜塩素酸ナトリウム,ベンザルコニウム塩化物,クロルヘキシジングルコン酸塩,c,微生物学必修,
歯の変色の原因はどれか。1つ選べ。[119D20-ori],食用色素,ヘモグロビン,ポリフェノール,フッ化ジアンミン銀,ストレプトマイシン硫酸塩,b,病理学必修,
上顎乳中切歯の萌出開始時期に獲得する運動機能〈粗大運動〉はどれか。1つ選べ。[119D21-ori],走る,寝返り,首がすわる,つかまり立ち,ボールを蹴る,b,小児歯科学一般,
"12歳の女児。前歯の歯並びが悪いことを主訴として来院した。初診時の顔面写真(A)、口腔内写真(B)、エックス線画像(C)及び歯科用コーンビームCT(D)を示す。セファロ分析の結果を図に示す。
適切な治療方針はどれか。3つ選べ。[119D22-ori]",上顎臼歯の圧下,正中離開の閉鎖,上顎右側側切歯の抜去,上顎右側乳犬歯の抜去,上顎右側大歯の開窓牽引,245,歯科矯正学臨床実地,https://drive.google.com/file/d/1sVODVQnSP7DkZEduRep42Y2Tuu2IP5C0/view?usp=drive_link
インプラント埋入後、プロビジョナルレストレーションに早期荷重をかける時期はどれか。1つ選べ。[119D23-ori],6時間後,2日後,1か月後,4か月後,6か月後,c,インプラント(補綴)一般,
"下顎左側大臼歯部のエックス線画像(A)と歯科用コーンビームCT(B)を示す。
エックス線画像に加えて、歯科用コーンビームCTで新たに明らかになった下顎左側第二大臼歯の所見はどれか。2つ選べ。[119D24-ori]",樋状根,根管イスムス,歯根内部吸収,垂直性歯根破折,根尖病変の頬舌的大きさ,15,歯内療法学一般,https://drive.google.com/file/d/1K-i2RNNgahciBYzCgTnYPxLpsl7wMrKN/view?usp=drive_link
局所麻酔薬中毒の初期症状はどれか。3つ選べ。[119D25-ori],徐脈,多弁,耳鳴り,めまい,血圧低下,234,歯科麻酔学一般,https://drive.google.com/file/d/16dwIx2Q-Hjc4Xor4I00ZHxaWYbNIrB25/view?usp=drive_link
"44歳の女性。右側顎関節部の開口時痛を主訴として来院した。2年前から関節音を自覚していたが、6か月前から音が消失し口が開きづらくなってきたという。顎関節部に腫脹と発赤はなく、最大開口量は38 mmである。初診時のエックス線画像(A)、CT(B)及び右側顎関節のMRI(C)を示す。
最も疑われるのはどれか。1つ選べ。[119D26-ori]",顎関節強直症,滑膜性軟骨腫症,痛風性顎関節炎,変形性顎関節症,急性化膿性顎関節炎,d,口腔外科学臨床実地,https://drive.google.com/file/d/1cEW5c6PKD6JkGQ1q1iHwR_06Hh5eXRjd/view?usp=drive_link
混合歯列期の不正咬合と矯正装置の組合せで正しいのはどれか。1つ選べ。[119D27-ori],骨格性開咬　―　バイオネーター,歯槽性開咬　―　咬合斜面板,機能性下顎前突　―　チンキャップ,機能性交叉咬合　―　拡大床,骨格性下顎前突　―　アクチバトール,d,歯科矯正学一般,
大連結子において、値が2倍になると荷重時のたわみが8倍になるのはどれか。1つ選べ。[119D28-ori],幅,厚さ,長さ,密度,弾性係数,c,部分床義歯学一般,
"ある硬化体の模式図を示す。
アの元素はどれか。1つ選べ。[119D29-ori]",Na,Mg,Ca,Cu,Sr,c,歯科理工学一般,https://drive.google.com/file/d/1iZfiUmbBjIhycXGT1O87lycXdu0z_mf6/view?usp=drive_link
"24歳の女性。上顎右側第一大臼歯の冷水痛を主訴として来院した。検査の結果、コンポジットレジン修復を行うこととした。初診時(A)と齲蝕除去後(B)の口腔内写真を示す。
次に行うのはどれか。2つ選べ。[119D30-ori]",隔壁設置,歯間分離,歯肉排除,隣接面保護,コーナーマトリックス設置,12,保存修復学臨床実地,https://drive.google.com/file/d/1nFWZkVv9G1LNHOw2j_G4KJBuEYMaRGze/view?usp=drive_link
3歳児の歯科診療において保護者が同席する利点で正しいのはどれか。1つ選べ。[119D31-ori],患児が精神的に安定する。,チェアタイムの短縮に繋がる。,治療内容の説明が省略できる。,保護者の口腔内環境が改善される。,患児との良好なラポールが形成できる。,a,小児歯科学一般,
災害時の死後デンタルチャート作成に必要なのはどれか。1つ選べ。[119D32-ori],メス,開口器,持針器,抜歯鉗子,歯周プローブ,b,衛生学一般,
ICDASにおける歯冠部齲蝕のコードの構成要素はどれか。3つ選べ。[119D33-ori],歯種,修復,活動性,進行状態,隣在歯の有無,234,衛生学一般,https://drive.google.com/file/d/1ptS86UBxe4uXT3ChNQgY9PHC98zNGc5_/view?usp=drive_link
"38歳の女性。下顎右側の咬合痛を主訴として来院した。5日前から自覚しているという。囊胞摘出術と歯根尖切除術を行うこととした。初診時のパノラマエックス線画像(A)、歯科用コーンビームCT(B)及び処置中の口腔内写真(C)を示す。
次回来院時に行うべきなのはどれか。1つ選べ。[119D34-ori]",舌圧検査,SWテスト,感染根管治療,栓塞子の装着,濾紙ディスク法,b,口腔外科学臨床実地,https://drive.google.com/file/d/16EqcjfwSSyug0x9RlS2k5GlXE1rPRMdB/view?usp=drive_link
"84歳の男性。摂食嚥下機能の精査を希望して近医からの紹介があり家族とともに来院した。4年前に脳梗塞を発症してから食事量が減少していたがそのままにしていたところ、2か月前に誤嚥性肺炎を発症して気管切開が行われ、現在も気管カニューレが挿入されている。誤嚥性肺炎発症後、栄養は胃瘻で管理されている。口腔内の診察では、特記すべき問題がなかった。嚥下造影検査時、嚥下後のむせは認められなかった。嚥下障害のスクリーニングの結果を表に示す。とろみ付き液体嚥下時の嚥下造影検査の写真を示す。
摂食嚥下機能の管理にあたって注意すべきなのはどれか。2つ選べ。[119D35-ori]",気道狭窄,不顕性誤嚥,絞扼反射の消失,誤嚥物の喀出困難,唾液分泌量の増加,24,衛生学臨床実地,https://drive.google.com/file/d/149CV5Q5Joai4BBWg0Qwv9JGAnBbkUmI_/view?usp=drive_link
吹き抜け骨折でみられるのはどれか。3つ選べ。[119D36-ori],複視,鼻出血,開口障害,嗅覚障害,上唇の知覚異常,125,口腔外科学一般,https://drive.google.com/file/d/1sq5KY1Kfs-UCJMmGwko1PVZGrHNGt__i/view?usp=drive_link
心電図検査が診断に必要なのはどれか。3つ選べ。[119D37-ori],WPW症候群,急性冠症候群,洞不全症候群,仰臥位低血圧症候群,Stevens-Johnson症候群,123,歯科麻酔学一般,https://drive.google.com/file/d/1KlV9YLBwESOMGrOKdd6hi4IUJO0IQtvv/view?usp=drive_link
歯周病の宿主因子で炎症増悪因子はどれか。1つ選べ。[119D38-ori],歯石,根面溝,歯肉退縮,歯列不正,食片圧入,e,歯周病学一般,
初めて歯科を受診する小児に有効な対応法はどれか。1つ選べ。[119D39-ori],タイムアウト法,Tell-Show-Do法,フラッディング法,レスポンスコスト法,ハンドオーバーマウス法,b,小児歯科学一般,
義歯着脱の自立度の評価を含むのはどれか。1つ選べ。[119D40-ori],BDR,BMI,CDR,FIM,SGA,a,衛生学一般,
頭蓋内腫瘍が関与するのはどれか。3つ選べ。[119D41-ori],顔面痙攣,Frey症候群,舌下神経麻痺,症候性三叉神経痛,Ramsay Hunt症候群,134,口腔外科学一般,https://drive.google.com/file/d/1ckY_CKaTLWcApNYV3aF-uxb5N46TGxg1/view?usp=drive_link
"18歳の女子。開鼻声を主訴として来院した。他院で左側唇顎口蓋裂の診断下に治療を行っていたという。軟口蓋の長さや形態は良好である。口腔内写真(A、B)、発声時の検査の写真(C)及び正常時と母音発声時の鼻咽腔の内視鏡検査時の写真(D、E)を示す。
次に行うのはどれか。1つ選べ。[119D42-ori]",口蓋形成術,顎矯正手術,瘻孔閉鎖術,咽頭弁移植術,顎裂部骨移植術,d,口腔外科学臨床実地,https://drive.google.com/file/d/1aVTUbulDl90u3x8lk-byWBuz_FpW0Dlp/view?usp=drive_link
間接覆髄法とIPC法で共通するのはどれか。2つ選べ。[119D43-ori],覆髄剤の除去,裏層材の使用,ラバーダム防湿の実施,感染象牙質の意図的残置,ケミカルサージェリーの実施,23,保存修復学一般,https://drive.google.com/file/d/1OtbAxRrPfWIyJIZD9E9f6bVcVuzTONqj/view?usp=drive_link
粘弾性的性質を示すのはどれか。2つ選べ。[119D44-ori],ポリスルフォン,アクリル系軟質リライン材,クリームタイプ義歯安定剤,シリコーン系軟質リライン材,ティッシュコンディショナー,25,歯科理工学一般,https://drive.google.com/file/d/1i1TIoa0FrgbkXw1bA-jENFBVtUKBeKWc/view?usp=drive_link
"43歳の女性。右側上顎腫瘍手術後に生じた欠損部への装置の製作を希望して来院した。3週間前に口腔外科にて手術を受けたという。診察の結果、装置を製作することとした。なお、下顎残存歯列は左右側第二大臼歯部まで認められる。手術後の口腔内写真を示す。
装置の設計において留意すべきことはどれか。2つ選べ。[119D45-ori]",顎欠損部に人工歯排列を作る。,顎欠損部で緊密な咬合支持を付与する。,顎欠損部のアンダーカットを維持に用いる。,顎欠損部を閉鎖して口腔と鼻腔を遮断する。,上顎左側の残存歯列に支台装置を設置する。,15,部分床義歯学臨床実地,https://drive.google.com/file/d/1Yis8gnKYIxeyBP7rGsIznt_J_D6hca8z/view?usp=drive_link
"56歳の女性。下顎左側大臼歯部の腫脹を主訴として来院した。下顎エナメル上皮腫の診断で全身麻酔下に外科手術を施行することとした。全身麻酔を導入し気管挿管後、聴診で喘鳴を認めた。このときの生体情報モニタ画面を示す。
投与すべき薬剤はどれか。1つ選べ。[119D46-ori]",サルブタモール硫酸塩,ネオスチグミン臭化物,モルヒネ塩酸塩水和物,スガマデクスナトリウム,チアミラールナトリウム,a,歯科麻酔学臨床実地,https://drive.google.com/file/d/1FSk2hGXocFSj5JodrYfWz2YizzMSw-mV/view?usp=drive_link
右心不全の症状はどれか。2つ選べ。[119D47-ori],肝腫大,肺水腫,下腿浮腫,起座呼吸,呼気性喘鳴,13,歯科麻酔学一般,https://drive.google.com/file/d/1sjBW3P3tpIi71PCuFwUvLv0Q1-TSrZG5/view?usp=drive_link
ニューキノロン系抗菌薬と併用するとけいれんを起こすことがあるのはどれか。1つ選べ。[119D48-ori],リドカイン塩酸塩,イソプレナリン塩酸塩,モルヒネ塩酸塩水和物,アトロピン硫酸塩水和物,ロキソプロフェンナトリウム水和物,e,薬理学一般,
口腔ジスキネジアの患者でみられるのはどれか。2つ選べ。[119D49-ori],溝状舌,開口障害,義歯の動揺,口腔粘膜損傷,口腔苔癬様病変癬,34,口腔外科学一般,https://drive.google.com/file/d/1CV95uW6YVmptGXLB_Oj_CUMqQeAW7PCV/view?usp=drive_link
"25歳の女性。口元の突出を主訴として来院した。Arch length discrepancyは上顎-7.0mm、下顎-5.0 mmであった。検査の結果、外科的矯正治療を行うこととした。6⏌は保存不可能なため抜去し、そのスペースは歯科矯正用アンカースクリューを固定として閉鎖することとした。初診時の顔面写真(A)、口腔内写真(B)、及びエックス線画像(C)を示す。セファロ 分析の結果を図に示す。
抜歯部位と手術方法の組合せで正しいのはどれか。1つ選べ。[119D50-ori]",,,,,,e,歯科矯正学臨床実地,https://drive.google.com/file/d/1QBqUcbu92Jhiqa8GkxYkSSO4PbJ3ftxC/view?usp=drive_link
"75歳の女性。下顎左側大臼歯部の腫脹を主訴として来院した。半年前から自覚していたが、疼痛がないためそのままにしていたという。粘膜の色に異常は認めない。既往歴として15年前に乳癌の治療を受け、現在は経過観察中である。初診時のエックス線画像(A)とCT(B)を示す。
最も疑われるのはどれか。1つ選べ。[119D51-ori]",歯根囊胞,顎骨骨髄炎,単純性骨囊胞,歯原性角化囊胞,乳癌の顎骨転移,d,口腔外科学臨床実地,https://drive.google.com/file/d/1vSPNVipvc1Y22RC24dDU3oAViqtlCbvG/view?usp=drive_link
"CFIの計算式を示す。
アに該当するのはどれか。1つ選べ。[119D52-ori]",健全歯数,被験歯数,被験者数,DMF 歯数,被験歯面数,c,衛生学一般,https://drive.google.com/file/d/1wMRhEGHReRkIsEDjt1KIHXGzW4i67aeV/view?usp=drive_link
神経筋接合部のシナプス伝達異常によって生じるのはどれか。1つ選べ。[119D53-ori],Parkinson病,重症筋無力症,多発性硬化症,筋ジストロフィー,筋萎縮性側索硬化症,b,生理学一般,
成長板軟骨において、軟骨細胞の肥大化に伴って分泌が進するコラーゲンはどれか。1つ選べ。[119D54-ori], I 型,Ⅱ 型,Ⅳ 型,Ⅴ型,Ⅹ型,b,生化学一般,
"79歳の女性。食事に時間がかかることを主訴として来院した。以前から食べ終わるのが家族よりも遅いことを自覚していたが、半年前から顕著になったという。
初診時の口腔内写真を示す。口腔機能検査の結果を表に示す。
主訴を改善するために行うのはどれか。2つ選べ。[119D55-ori]",咬合調整,舌の清掃,舌の筋力訓練,唾液腺マッサージ,舌接触補助床の装着,35,衛生学臨床実地,https://drive.google.com/file/d/109UIVrRVavmkSuaQYjUpkOCxSq3wCsGE/view?usp=drive_link
"マルチブラケット装置で前歯を牽引している口腔内写真を示す。
矢印の間の上顎切歯にみられる移動様式と矯正力の作用様式の組合せで正しいのはどれか。1つ選べ。[119D56-ori]",挺出　ー　持続的,傾斜移動　ー　間歇的,傾斜移動　ー　断続的,歯体移動　ー　持続的,歯体移動　ー　断続的,d,歯科矯正学一般,https://drive.google.com/file/d/1Q8W6lp2sXXyF69qjRqKt_JOkA6NJn-Cq/view?usp=drive_link
" 85歳の女性。定期健診のために家族とともに来院した。7年前に認知症の診断を受けて、認知症高齢者の日常生活自立度はⅢである。3年前に誤嚥性肺炎を発症して以降たびたび発熱を繰り返しており、2年前からミキサー食を全介助にて摂取している。76543⏊34567は欠損しているが、義歯の製作は希望していな い。来院時の口腔内写真を示す。
まず実施するのはどれか。1つ選べ。[119D57-ori]",栄養評価,口腔衛生管理,咀嚼機能評価,認知機能評価,嚥下障害のスクリーニング,b,衛生学臨床実地,https://drive.google.com/file/d/1CFPR0y39gL3HsSpWyezs2W-8tuzZ47Ae/view?usp=drive_link
エナメル芽細胞に由来するのはどれか。1つ選べ。[119D58-ori],歯小皮,獲得被膜,エナメル紡錘,Sharpey 線維,von Korff の線維,a,解剖組織学一般,
診断用ワックスアップから得られる情報はどれか。3つ選べ。[119D59-ori],歯質削除量,側方顆路角,クレンチングの状態,補綴前処置の必要性,ポンティック基底面形態,145,冠橋義歯学一般,https://drive.google.com/file/d/13TA4U0dssyaWoukC9BzzWcXIPoKjyCjM/view?usp=drive_link
安全域を設けて切除するのはどれか。2つ選べ。[119D60-ori],外骨症,紅板症,多形腺腫,類皮囊胞,線維性異形成症,23,口腔外科学一般,https://drive.google.com/file/d/1gFy7Ar-p5OWh8FtCf4QvwN4z1oN9jg7I/view?usp=drive_link
"51歳の女性。上顎右側臼歯部のブラッシング時の出血を主訴として来院した。10か月前から自覚していたがそのままにしていたという。検査の結果、慢性歯周炎と診断し、歯周基本治療後に歯周外科治療を行うこととした。再評価時の口腔内写真(A、B)とエックス線画像(C)を示す。再評価時の歯周組織検査の一部を表に示す。
7 6⏌に対する適切な治療法はどれか。 2つ選べ。[119D61-ori]",新付着術,歯肉切除術,歯肉剝離掻爬術,歯肉弁歯冠側移動術,エナメルマトリックスタンパク質の応用,35,歯周病学臨床実地,https://drive.google.com/file/d/1iZRqU0qmf4YEHjZ_QDrQ8vW0EeDbtjzD/view?usp=drive_link
先端巨大症の特徴として正しいのはどれか。3つ選べ。[119D62-ori],巨舌を認める。,上顎前突を呈する。,下顎空隙歯列弓を認める。,骨端線の早期閉鎖を認める。,成人期の成長ホルモンの過剰分泌によって発症する。,135,口腔外科学一般,https://drive.google.com/file/d/1GCS7sMTTnwUkgmVmu_COdEImhOKtv3hy/view?usp=drive_link
"上顎無歯顎患者の概形印象の写真を示す。
矢印部の形態に影響する筋はどれか。2つ選べ。[119D63-ori]",頰筋,咬筋,側頭筋,口蓋帆張筋,中咽頭収縮筋,13,全部床義歯学一般,https://drive.google.com/file/d/1AgTSrUs4PdimOtdFqrUkZHBKt6n2xXod/view?usp=drive_link
顎口腔領域で微小血管吻合が必要なのはどれか。2つ選べ。[119D64-ori],DP皮弁,前額皮弁,前腕皮弁,大胸筋皮弁,腹直筋皮弁,35,口腔外科学一般,https://drive.google.com/file/d/1sB-W0iozUF1EGJRlbukWFeHNawPFOhoI/view?usp=drive_link
"87歳の男性。下顎部分床義歯が1週前から外れやすくなったことを主訴として来院した。義歯は2年前に製作し、問題なく使用していたという。診察の結果、 ピックアップ印象を採得し、義歯修理を行うこととした。初診時の口腔内写真(A)と義歯の写真(B)を示す。
印象採得から修理の過程で正しいのはどれか。2つ選べ。[119D65-ori]",増歯,咬合面再形成,間接法によるリライン,下顎左側側切歯の唇側維持腕の製作,患者の義歯を取り込んだ模型の製作,45,部分床義歯学臨床実地,https://drive.google.com/file/d/1FqzfSgUmTRixPmbn6x8_Ijrh4OVQRFQm/view?usp=drive_link
"22歳の男性。下顎右側第一大臼歯の舌感不良を主訴として来院した。検査の結果、フロアブルレジンを用いて修復を行うこととした。ラバーダム防湿後の口腔内写真を示す。
窩洞形態で留意すべきなのはどれか。1つ選べ。[119D66-ori]",審美的な外形,箱型の窩洞形態,ロングベベルの付与,フレアータイプの付与,遊離エナメル質の除去,d,保存修復学臨床実地,https://drive.google.com/file/d/16f8teqhTGyWcHkIC5PfU3K-BS1SjPBO_/view?usp=drive_link
"エナメル質表面処理後にコンポジットレジンを充塡した接着界面の走査電子顕微鏡像を示す。
矢印間の構造の機能で正しいのはどれか。2つ選べ。[119D67-ori]",汚染面の除去,ぬれ性の向上,辺縁漏洩の防止,スミヤ一層の除去,微細嵌合効力の発揮,35,歯科理工学一般,https://drive.google.com/file/d/18t63CjYIwC5d0tMLDDimsAxjKMa7mdF_/view?usp=drive_link
PHPについて正しいのはどれか。2つ選べ。[119D68-ori],代表歯を評価する。,歯垢の厚みを評価する。,歯面は3分割して評価する。,ブラッシング指導に活用する。,CPI(WHO)プローブで歯面を触知する。,14,衛生学一般,https://drive.google.com/file/d/195gYaDBENCWDPsNv1Vtj2XOb5E0jdjy0/view?usp=drive_link
"42歳の男性。咀嚼困難を主訴として来院した。診察の結果、下顎右側臼歯部にインプラント義歯を製作することとし、2回法でインプラントの埋入を行った。 ヒーリングアバットメント撤去後の口腔内写真を示す。
この段階で決定するのはどれか。1つ選べ。[119D69-ori]",骨削除量,印象採得法,上部構造の材質,上部構造の連結方法,アバットメントの高さ,b,インプラント(補綴)臨床実地,https://drive.google.com/file/d/1xyL6qnKATzPlyfwHmQvCHj2JWKan_nJB/view?usp=drive_link
"58歳の男性。下顎右側臼歯部の歯肉腫脹を主訴として来院した。1か月前に下顎右側第一大臼歯の補綴装置が脱離したが、痛みがないためそのままにしていたという。検査の結果、近心根の歯根尖切除を行うこととした。初診時の口腔内写真 (A)、エックス線画像(B)、術中の口腔内写真(C)及び器具の写真(D)を示す。
Cの操作の次に使用する器具はどれか。1つ選べ。[119D70-ori]",ア,イ,ウ,エ,オ,c,歯内療法学臨床実地,https://drive.google.com/file/d/1usDQwu_RpOkOGvqgvJPjcaup68sejcHq/view?usp=drive_link
1歳6か月児健康診査の診査項目はどれか。3つ選べ。[119D71-ori],胸囲,座高,体重,頭囲,腹囲,,衛生学一般,https://drive.google.com/file/d/1XbPNvkbKYYf6-bL864IQMLJMj4z3mNO_/view?usp=drive_link
老化に伴う顎関節の形態変化によって生じるのはどれか。1つ選べ。[119D72-ori],咬合高径の低下,安静空隙量の減少,喉頭挙上量の減少,矢状顆路傾斜角の増加,下顎頭の運動範囲の増大,e,口腔外科学一般,
"81歳の男性。食事の際、義歯が外れやすくなったことを主訴として来院した。義歯は5年前に装着したが、徐々に義歯が動揺し、咬みにくくなったという。診察の結果、義歯を製作することとした。来院時の口腔内写真を示す。
上顎の筋圧形成後に使用できる印象材はどれか。2つ選べ。[119D73-ori]",石膏印象材,アクリル系印象材,酸化亜鉛ユージノール印象材,モデリングコンパウンド印象材,パテタイプシリコーンゴム印象材,13,全部床義歯学臨床実地,https://drive.google.com/file/d/1DUnnt06RS3OTy72kuOO8WuusWHZ3krg0/view?usp=drive_link
矯正歯科治療を開始するまでの流れのうち、3番目に行うのはどれか。1つ選ベ。[119D74-ori],診断,情報の分析,基礎情報の収集,治療目標の設定,治療方針・計画の立案,a,歯科矯正学一般,
"歯科用合金を用いた間接法修復物の模式図を示す。
負荷される外力に対して、矢印で示す形態の効果で正しいのはどれか。1つ選べ。[119D75-ori]",嵌合効力,拘止効力,把持効力,転覆防止効力,すべり防止効力,d,保存修復学一般,https://drive.google.com/file/d/1hIpPOOVJ6J7RPjSB2uDMJVnBH7iebkBK/view?usp=drive_link
"誤嚥性肺炎の既往がある82歳の男性に嚥下造影検査を行った。認知症高齢者の日常生活自立度はⅢである。現在、ミキサー食を全介助にて全量摂取しており、食事中に時々むせが認められているという。とろみをつけた液体を摂取した際の咽頭期の嚥下造影検査の写真(A、B、C、D)を示す。
肺炎予防のために推奨されるのはどれか。1つ選べ。[119D76-ori]",交互嚥下,胃瘻の造設,複数回嚥下,バルーン拡張訓練,食事時の体幹角度調整,e,衛生学臨床実地,https://drive.google.com/file/d/1bFJ5ZP73QMVuVR8qTwTFxFywv2umjyS1/view?usp=drive_link
小腸におけるグルコースの吸収に必要なのはどれか。1つ選べ。[119D77-ori],K⁺,CI⁻,Na⁺,Ca²⁺,HCO₃⁻,c,生理学一般,
" 7歳の女児。前歯の咬み合わせが悪いことを主訴として来院した。機能性下顎前突と診断し、リンガルアーチ装着までの予防的な管理としてスライディングプレー 卜を使用することとした。初診時の顔面写真(A)と口腔内写真(B)を示す。
防止できるのはどれか。3つ選べ。[119D78-ori]",過蓋咬合,舌突出癖,上顎前歯の舌側傾斜,下顎前歯部の歯肉退縮,上顎歯列正中線の偏位,134,歯科矯正学臨床実地,https://drive.google.com/file/d/129wJzS7j-DfxyoizHshv4UKsdV2Z8OnN/view?usp=drive_link
"フラップ手術に使用する器具の写真(A、B)を示す。一連の治療過程を以下に示す。
この器具を使用する治療過程はどれか。1つ選べ。[119D79-ori]",ア,イ,ウ,エ,オ,e,歯周病学一般,https://drive.google.com/file/d/1Hv8k_n7ZeRnkpH92rPnr5YXbTP7l0ByS/view?usp=drive_link
滅菌・消毒のSpaulding分類でセミクリティカルに該当する器具はどれか。3つ選べ。[119D80-ori],アーチフォーマー,バンドプッシャー,ワイヤーニッパー,ユーティリティープライヤー,セーフティーディスタルエンドカッター,245,衛生学一般,https://drive.google.com/file/d/14sEw1O_27c2lv_Sj76fz49cKhvIjgd0O/view?usp=drive_link
"69歳の男性。舌の疼痛を主訴として来院した。3週前から舌全体にひりひりとした痛みが生じているという。5年前から関節リウマチで治療を受けている。初診時の下顔面の写真(A)と舌の写真(B)を示す。診療録の一部と検査の結果を表に示す。
考えられるのはどれか。1つ選べ。[119D81-ori]",口腔乾燥症,Hunter 舌炎,萎縮性カンジダ症,急性骨髄性白血病,Plummer-Vinson 症候群,c,口腔外科学臨床実地,https://drive.google.com/file/d/1QdkWx5MZGTWzIhlYF4BD1DvQDlttv8b-/view?usp=drive_link
"63歳の男性。右側下唇の知覚鈍麻を主訴として来院した。1か月前から自覚し、 最近になり増悪してきたという。初診時の口腔内写真(A)、エックス線画像(B)、CT(C)、MRI T1強調像(D)、FDG- PET/CT(E)及び生検時のH-E染色病理組織像(F、G)を示す。
診断名はどれか。1つ選べ。[119D82-ori]",骨肉腫,下顎骨骨髄炎,原発性骨内癌,エナメル上皮腫,歯原性角化囊胞,c,口腔外科学臨床実地,https://drive.google.com/file/d/1XKMfRpbbjSnVrYVQKtXHd5H75FJMZq-m/view?usp=drive_link
"70歳の男性。補綴歯科治療を希望して来院した。診察の結果、⎿①②３④５⑥のレジン前装ブリッジを製作することとした。仮着したブリッジを外した後の口腔内写真(A)と装着予定のブリッジ(B)を示す。
各支台歯に対して行う前処理で正しい組合せはどれか。1つ選べ。[119D83-ori]",⎿１　ー　シランカップリング処理,⎿１　ー　フッ化物含有ペーストによる歯面清掃,⎿２　ー　クエン酸処理,⎿２　ー　アルミナサンドブラスト処理,⎿４　ー　メタルプライマーの塗布,c,冠橋義歯学臨床実地,https://drive.google.com/file/d/1EEu_TZl2Wx_sCz-Wvp-C-yiVdzeP3FAe/view?usp=drive_link
"6歳の男児。歯の変色を主訴として来院した。下顎右側中切歯は2か月前に生え始めたが、その時から変色していたという。1歳時に下顎乳前歯部外傷の既往があるという。初診時の口腔内写真(A、B)とエックス線画像(C)を示す。
１⏋への適切な対応はどれか。1つ選べ。[119D84-ori]",抜歯,歯の漂白,フッ化物塗布,アペキシフィケーション,コンポジットレジン修復,c,小児歯科学臨床実地,https://drive.google.com/file/d/1cyHSKNXSIWuhhs9ChsCbDsoyUNp8T-F4/view?usp=drive_link
児童虐待において身体的虐待はどれか。3つ選べ。[119D85-ori],顎骨骨折,口角裂傷,歯冠破折,多数歯齲蝕,口腔清掃不良,123,小児歯科学一般,https://drive.google.com/file/d/1E-a0tk6FFKszE9-uoYdazt8KNB6ssvhD/view?usp=drive_link
非吸収性縫合糸の素材となるのはどれか。2つ選べ。[119D86-ori],シルク,ポリエステル,ポリグリコール酸,ポリディオキサン,ポリグラクチン910,12,口腔外科学一般,https://drive.google.com/file/d/14uKP8GxJ7eYzWWKKjmyoNcrZUSSWs8cd/view?usp=drive_link
骨形成能を有する骨移植材はどれか。1つ選べ。[119D87-ori],異種骨,自家骨,炭酸アパタイト,リン酸三カルシウム,ハイドロキシアパタイト,b,歯科理工学一般,
"48歳の男性。下顎左側第一大臼歯の歯肉の腫脹を主訴として来院した。6年前に治療を受けたが、1か月前から歯肉が腫れてきたという。自発痛はないが咬合痛がある。プロービング深さは全周3mm以内であった。初診時の口腔内写真(A)、ガッタパーチャポイント挿入時の口腔内写真(B)及びエックス線画像(C)を示す。
診断名はどれか。1つ選べ。[119D88-ori]",急性単純性歯髄炎,急性化膿性歯髄炎,慢性潰瘍性歯髄炎,歯髄壊死,急性単純性根尖性歯周炎,8,歯内療法学臨床実地,
"54歳の女性。他院からの紹介で来院した。2週前に下顎左側第一大臼歯の修復物が脱離し、近医を受診し、歯髄保存を希望したところ当院受診を勧められたという。診察の結果、水酸化カルシウム製剤を用いた暫間的間接覆髄を行うこととし た。局所麻酔は終了している。初診時の口腔内写真(A)、エックス線画像(B)及び処置に使用する器具の写真(C)を示す。
器具を使用順に並べよ。
解答：①→②→③→④→⑤[119D89-ori]",ア,イ,ウ,エ,オ,14352,歯内療法学臨床実地,https://drive.google.com/file/d/1LyHhQSnLOmThngOLHz6BwbwOVlJr5YY7/view?usp=drive_link
"500人のある集団に対して、感度0.80の歯周病スクリーニング検査を実施したところ、真陽性者数は200人であった。この集団における歯周病の有病率を求めよ。
ただし、小数点以下第1位を四捨五入すること。
解答：①②％[119D90-ori]",,,,,,50％,衛生学一般,
